game,pair,pair_seed,minimax_team,minimax_seats,winner,winner_team,reason,loser_seat,terminal_board,virtual_seconds,wall_seconds,plies,plies_A,plies_B,clock_AW,clock_AB,clock_BW,clock_BB,minimax_moves,minimax_choice_seconds,minimax_captures,minimax_drops,minimax_promotions,minimax_checks,minimax_capture_value,random_moves,random_choice_seconds,random_captures,random_drops,random_promotions,random_checks,random_capture_value
1,1,42,0,AW+BB,minimax,0,mat,AB,A,56.346987514239316,22.12364649999654,56,21,35,160.17644321285616,143.4765692729045,151.78645782444357,151.86655466131708,28,22.098288199980743,10,5,0,10,3950,28,0.003567200037650764,5,4,0,0,2200
2,1,42,1,AB+BW,minimax,1,mat,BB,B,34.91381919704879,13.282032999995863,31,18,13,162.14421331077585,162.94196749217534,168.4736858974131,156.6124949055381,16,13.274081800016575,5,1,1,5,1150,15,0.0009649000130593777,1,1,0,0,100
3,2,100045,0,AW+BB,minimax,0,mat,BW,B,49.92659039275858,22.69834629999241,57,29,28,155.33729439942724,154.73611520781418,149.04859347451892,161.0248161327225,29,22.669582700007595,15,6,2,11,5200,28,0.00532210009987466,2,2,0,0,1000
4,2,100045,1,AB+BW,minimax,1,mat,BB,B,36.19840801048366,16.605581500014523,42,19,23,161.0643444209788,162.73724756853753,159.6932156360314,164.108376353485,21,16.592619800008833,10,6,1,2,2800,21,0.00223119996371679,1,1,0,0,300
5,3,200048,0,AW+BB,minimax,0,mat,AB,A,14.268999301688666,6.39731450000545,15,7,8,172.72272572219697,173.00827497611436,171.29794764114015,174.43305305717118,8,6.394460799958324,2,2,0,1,400,7,0.00038350000977516174,0,0,0,0,0
6,3,200048,1,AB+BW,minimax,1,mat,BB,B,45.06772169443424,23.630658899986884,51,26,25,153.44446161888004,161.4878166866857,155.19267894418005,159.73959936138564,26,23.615217899990967,11,7,1,5,3150,25,0.0024253998999483883,2,2,0,0,400
7,4,300051,0,AW+BB,minimax,0,mat,BW,B,30.081306731238932,10.800355799990939,27,13,14,167.62729290695955,162.2914003618015,166.03436302860854,163.8843302401525,14,10.787313700042432,8,1,0,5,2450,13,0.001661600050283596,0,0,0,0,0
8,4,300051,1,AB+BW,minimax,1,mat,BB,B,27.788143348109713,12.798000400012825,28,15,13,164.8480525382016,167.36380411368867,166.03436302860857,166.17749362328172,14,12.785801800026093,6,2,0,2,2400,14,0.0019967000698670745,0,0,0,0,0
9,5,400054,0,AW+BB,minimax,0,mat,AB,A,16.388896826641457,9.125347200024407,23,9,14,170.70847864938946,172.90262452396908,171.5667650312669,172.04433814209165,12,9.113433400023496,3,1,0,2,900,11,0.0021094001131132245,0,0,0,0,0
10,5,400054,1,AB+BW,minimax,1,mat,BB,B,32.66404548177592,19.4548713999975,45,20,25,161.1390465713291,166.19690794689504,163.14563446570833,164.1903200525158,23,19.432687599939527,7,4,0,5,2550,22,0.0048235000867862254,1,1,0,1,100
11,6,500057,0,AW+BB,minimax,0,mat,AB,A,69.11606154271256,36.40470909999567,81,39,42,151.4364840058451,139.44745445144224,146.0290719775581,144.85486647972914,41,36.369427999976324,18,7,1,12,4750,40,0.006946999958017841,3,3,0,0,1100
12,6,500057,1,AB+BW,minimax,1,mat,BB,B,27.879024936793996,14.678814000013517,34,17,17,166.45173953425888,165.66923552894713,164.01848774985143,168.1024873133545,17,14.664033699926222,6,5,0,5,2400,17,0.0030818000086583197,1,1,0,0,900
13,7,600060,0,AW+BB,minimax,0,mat,BW,B,26.919294963623784,14.764898699999321,34,18,16,165.6562446781707,167.42446035820544,163.83370886908338,169.2469961672927,17,14.750061399972765,7,3,0,1,1550,17,0.0028581000224221498,0,0,0,0,0
14,7,600060,1,AB+BW,minimax,1,mat,AW,A,30.510807672924702,15.991448200016748,37,20,17,164.8277912131203,164.66140111395492,161.74615399121015,167.743038335865,19,15.972700199985411,9,4,1,2,3200,18,0.002528300043195486,0,0,0,0,0
15,8,700063,0,AW+BB,minimax,0,mat,BW,B,16.4263510068425,8.296056899998803,21,9,12,172.31195108273397,171.26169791042346,172.31897549791736,171.2546734952401,11,8.286549599986756,2,2,0,1,600,10,0.001359500049147755,0,0,0,0,0
16,8,700063,1,AB+BW,minimax,1,mat,AW,A,29.014378644636558,9.941839199978858,29,16,13,167.8681190413435,163.11750231401984,170.95117427210704,160.0344470832563,15,9.930992299923673,7,2,0,3,1500,14,0.0015636000025551766,0,0,0,0,0
17,9,800066,0,AW+BB,minimax,0,mat,BW,B,17.387345612704575,12.14523980001104,26,12,14,171.34609781741497,171.2665565698804,171.73775088361504,170.8749035036804,13,12.134237899968866,4,3,0,2,1000,13,0.0022994000755716115,1,1,0,0,300
18,9,800066,1,AB+BW,minimax,1,mat,AW,A,16.559757356210845,9.828504200006137,25,12,13,172.1736860739087,171.2665565698804,171.73775088361504,171.70249176017413,13,9.819204799918225,5,3,0,2,1150,12,0.001543599966680631,0,0,0,0,0
19,10,900069,0,AW+BB,minimax,0,mat,BW,B,30.51940224036821,13.670342299999902,38,18,20,165.73189835158607,163.7486994080457,161.82187010229623,167.65872765733556,19,13.650415599986445,5,2,0,6,1900,19,0.002976500050863251,0,0,0,0,0
20,10,900069,1,AB+BW,minimax,1,mat,AW,A,23.259281210547122,12.679996399994707,32,16,16,170.5151415244037,166.22557726504914,165.74021909068293,171.00049969876991,16,12.665917099977378,5,4,0,4,1900,16,0.002190799976233393,0,0,0,0,0
21,11,1000072,0,AW+BB,minimax,0,mat,BW,B,27.772589631657603,13.380141499976162,34,18,16,163.78609148289095,168.44131888545144,165.04212915468707,167.1852812136553,17,13.366071299940813,4,1,0,4,1400,17,0.002365099935559556,1,0,0,0,150
22,11,1000072,1,AB+BW,minimax,1,mat,AW,A,27.188299847262623,12.750407000014093,32,18,14,164.37038126728592,168.44131888545144,165.266866764128,167.54483338860933,16,12.738671599974623,4,3,0,5,2400,16,0.00196480008889921,1,0,0,0,150
23,12,1100075,0,AW+BB,minimax,0,mat,BW,B,24.325554706587347,11.383720799989533,29,15,14,168.28596370252012,167.38848159089247,167.89457593362437,167.77986935978825,15,11.373572800017428,4,2,0,4,1400,14,0.0016437000303994864,1,0,0,0,300
