game,pair,ply,virtual_seconds,bot,seat,move,san,choice_seconds,nodes,depth,capture,capture_value,drop,promotion,check
1,1,1,1.7379023325423826,random,BW,b1c3,Nc3,0.0003969999961555004,,,0,0,0,0,0
1,1,2,2.2965740972220345,minimax,AW,e2e3,e3,1.0048108999908436,24832,4,0,0,0,0,0
1,1,3,2.724462629861029,minimax,BB,c7c6,c6,1.011955099995248,19712,4,0,0,0,0,0
1,1,4,3.423978646556069,random,BW,f2f3,f3,7.300000288523734e-05,,,0,0,0,0,0
1,1,5,3.898587178165287,minimax,BB,d8a5,Qa5,1.007177799998317,23552,4,0,0,0,0,0
1,1,6,4.941302790000407,random,AB,a7a6,a6,0.00017899999511428177,,,0,0,0,0,0
1,1,7,6.724475493718921,random,BW,e1f2,Kf2,0.0002899999963119626,,,0,0,0,0,0
1,1,8,6.99425766822074,minimax,AW,d1f3,Qf3,0.6236439000058454,4832,4,0,0,0,0,0
1,1,9,7.370350358947508,minimax,BB,a5c5,Qc5+,1.0448026999947615,9216,3,0,0,0,0,1
1,1,10,7.933356985197849,random,BW,d2d4,d4,0.00022749998606741428,,,0,0,0,0,0
1,1,11,9.307867276612699,random,AB,h7h5,h5,0.00027910000062547624,,,0,0,0,0,0
1,1,12,10.633987883480028,minimax,AW,g1h3,Nh3,1.0383069000090472,8192,3,0,0,0,0,0
1,1,13,10.8205650268178,minimax,BB,c5c4,Qc4,0.6908395999926142,6350,4,0,0,0,0,0
1,1,14,12.454305049497357,random,AB,f7f6,f6,0.00014630000805482268,,,0,0,0,0,0
1,1,15,13.075522175828105,random,BW,g1h3,Nh3,0.0001514999894425273,,,0,0,0,0,0
1,1,16,14.51834676069543,minimax,AW,b1c3,Nc3,1.0201783000084106,9472,3,0,0,0,0,0
1,1,17,15.013719471119526,minimax,BB,h7h5,h5,0.7799311999988277,8157,4,0,0,0,0,0
1,1,18,16.326342546835182,random,AB,f6f5,f5,0.00012390001211315393,,,0,0,0,0,0
1,1,19,17.24734701265694,random,BW,c1h6,Bh6,0.00014439999358728528,,,0,0,0,0,0
1,1,20,18.236538773016033,minimax,AW,f3f5,Qxf5,0.6788280999753624,6448,4,1,100,0,0,0
1,1,21,19.10709971063423,random,AB,g7g5,g5,0.0001320999872405082,,,0,0,0,0,0
1,1,22,19.84047368942757,minimax,BB,g8h6,Nxh6,1.0210767000098713,9472,3,3,150,0,0,0
1,1,23,19.966077778969478,minimax,AW,f5g6,Qg6#,0.003894399997079745,81,1,0,0,0,0,1
1,1,24,21.051889810425347,random,BW,a1c1,Rc1,0.0001396999869029969,,,0,0,0,0,0
1,1,25,21.736513695421284,minimax,BB,d7d6,d6,1.0167884999827947,12032,3,0,0,0,0,0
1,1,26,22.537192089160694,random,BW,c1b1,Rb1,0.00012620000052265823,,,0,0,0,0,0
1,1,27,25.514538812702952,minimax,BB,c8h3,Bxh3,1.017829000018537,10240,3,2,300,0,0,0
1,1,28,27.218389261734576,random,BW,g2h3,gxh3,0.00011140000424347818,,,3,150,0,0,0
1,1,29,28.647222866374175,random,AB,B@f7,B@f7,8.250001701526344e-05,,,0,0,3,0,0
1,1,30,29.34432879878996,minimax,BB,P@f5,@f5,1.004221300012432,11776,3,0,0,1,0,0
1,1,31,29.397837622333114,minimax,AW,B@h7,B@h7,0.5443653000111226,10650,3,0,0,3,0,0
1,1,32,30.382568535097846,random,BW,d1e1,Qe1,0.00014519999967887998,,,0,0,0,0,0
1,1,33,31.525015808176995,random,AB,f7g6,Bxg6,0.0001227000029757619,,,5,900,0,0,0
1,1,34,31.774946527760754,minimax,BB,c4d4,Qxd4+,1.0014152000076137,9984,3,1,100,0,0,1
1,1,35,34.177340300170776,random,BW,f2g2,Kg2,7.840001489967108e-05,,,0,0,0,0,0
1,1,36,34.440638984409894,minimax,AW,h7g6,Bxg6#,0.004008099989732727,93,1,3,150,0,0,1
1,1,37,36.21612716551555,minimax,BB,d4f6,Qf6,1.0006583000067621,10240,2,0,0,0,0,0
1,1,38,37.79724172238362,random,BW,g2g1,Kg1,0.00025510002160444856,,,0,0,0,0,0
1,1,39,38.31365498851829,minimax,BB,B@d4,B@d4+,1.0021937999990769,11520,3,0,0,3,0,1
1,1,40,40.26968398451123,random,BW,g1g2,Kg2,3.6299985367804766e-05,,,0,0,0,0,0
1,1,41,40.84106685442474,minimax,BB,f6g6,Qg6+,0.5123722999996971,13965,4,0,0,0,0,1
1,1,42,42.798181850283186,random,BW,Q@g3,Q@g3,3.260001540184021e-05,,,0,0,5,0,0
1,1,43,45.01714249787611,minimax,BB,g6g3,Qxg3+,1.000615899974946,46336,4,5,900,0,0,1
1,1,44,45.77889013335834,random,BW,e1g3,Qxg3,3.170000854879618e-05,,,5,900,0,0,0
1,1,45,47.4305343790086,random,AB,Q@f7,Q@f7,2.9199989512562752e-05,,,0,0,5,0,0
1,1,46,48.10584429954898,minimax,BB,d4c3,Bxc3,1.0028585999971256,43264,4,2,300,0,0,0
1,1,47,49.66506803549802,random,BW,g3d6,Qxd6,4.6600005589425564e-05,,,1,100,0,0,0
1,1,48,49.69983903099393,minimax,AW,g6f7,Bxf7+,1.0134743000089657,27648,3,5,900,0,0,1
1,1,49,51.9290204993837,minimax,BB,e7d6,exd6,0.6286116999981459,26279,5,5,900,0,0,0
1,1,50,52.093003311739224,random,AB,e8f7,Kxf7,3.610001294873655e-05,,,3,150,0,0,0
1,1,51,53.217656053971204,random,BW,B@g4,B@g4,5.989999044686556e-05,,,0,0,3,0,0
1,1,52,54.01627207761502,minimax,BB,f5g4,fxg4,1.0012356000079308,44544,4,3,150,0,0,0
1,1,53,54.266667351089836,minimax,AW,Q@f5,Q@f5+,0.4193512999918312,29282,3,0,0,5,0,1
1,1,54,55.141502938647136,random,AB,f7g7,Kg7,4.300000728107989e-05,,,0,0,0,0,0
1,1,55,55.654472324357315,random,BW,e2e4,e4,4.680000711232424e-05,,,0,0,0,0,0
1,1,56,56.346987514239316,minimax,AW,Q@g6,Q@g6#,0.0028433999978005886,176,1,0,0,5,0,1
2,1,1,1.7379023325423826,minimax,BW,e2e3,e3,1.0017095000075642,29184,4,0,0,0,0,0
2,1,2,2.2965740972220345,random,AW,b1c3,Nc3,6.369999027810991e-05,,,0,0,0,0,0
2,1,3,2.724462629861029,random,BB,a7a6,a6,6.079999729990959e-05,,,0,0,0,0,0
2,1,4,3.423978646556069,minimax,BW,d1f3,Qf3,1.0011420999944676,25856,4,0,0,0,0,0
2,1,5,3.898587178165287,random,BB,h7h5,h5,5.319999763742089e-05,,,0,0,0,0,0
2,1,6,4.941302790000407,minimax,AB,c7c6,c6,1.006045100017218,22272,4,0,0,0,0,0
2,1,7,6.724475493718921,minimax,BW,g1h3,Nh3,1.0039113000093494,21760,4,0,0,0,0,0
2,1,8,6.99425766822074,random,AW,f2f3,f3,4.610000178217888e-05,,,0,0,0,0,0
2,1,9,7.370350358947508,random,BB,f7f6,f6,4.189999890513718e-05,,,0,0,0,0,0
2,1,10,7.933356985197849,minimax,BW,f1d3,Bd3,1.0060746000090148,26880,4,0,0,0,0,0
2,1,11,9.307867276612699,minimax,AB,d8a5,Qa5,1.0056697000109125,25600,4,0,0,0,0,0
2,1,12,10.633987883480028,random,AW,e1f2,Kf2,6.910000229254365e-05,,,0,0,0,0,0
2,1,13,10.8205650268178,random,BB,f6f5,f5,6.340001709759235e-05,,,0,0,0,0,0
2,1,14,12.454305049497357,minimax,AB,a5f5,Qf5,0.5801755000138655,11172,4,0,0,0,0,0
2,1,15,13.075522175828105,minimax,BW,d3f5,Bxf5,1.0057849999866448,28416,4,1,100,0,0,0
2,1,16,14.51834676069543,random,AW,g2g3,g3,7.960002403706312e-05,,,0,0,0,0,0
2,1,17,15.013719471119526,random,BB,h5h4,h4,6.379999103955925e-05,,,0,0,0,0,0
2,1,18,16.326342546835182,minimax,AB,f5c5,Qc5+,1.0017052000039257,21248,3,0,0,0,0,1
2,1,19,17.24734701265694,minimax,BW,f5g6,Bg6#,0.001213999988976866,39,1,0,0,0,0,1
2,1,20,18.236538773016033,random,AW,e2e3,e3,5.110001075081527e-05,,,0,0,0,0,0
2,1,21,19.10709971063423,minimax,AB,P@g2,@g2,1.0054397000058088,24064,3,0,0,1,0,0
2,1,22,19.966077778969478,random,AW,f2e1,Ke1,7.529999129474163e-05,,,0,0,0,0,0
2,1,23,21.394911383609077,minimax,AB,g2h1q,gxh1=Q,1.0028445000061765,27136,4,4,500,0,5,0
2,1,24,22.145526139568016,random,AW,a1b1,Rb1,7.000000914558768e-05,,,0,0,0,0,0
2,1,25,24.272704325411897,minimax,AB,h1g1,Qxg1,1.0063091999909375,30720,4,2,300,0,0,0
2,1,26,27.1883275016448,random,AW,d2d4,d4,7.069998537190259e-05,,,0,0,0,0,0
2,1,27,28.839971747295056,minimax,AB,g1f1,Qxf1+,0.6265417999820784,5610,4,3,150,0,0,1
2,1,28,31.109276399280386,random,AW,e1f1,Kxf1,7.089998689480126e-05,,,1,100,0,0,0
2,1,29,33.50244068002568,minimax,AB,c5c4,Qc4+,1.0082411000039428,13056,4,0,0,0,0,1
2,1,30,33.70240307605101,random,BB,P@f7,@f7,8.530000923201442e-05,,,0,0,1,0,0
2,1,31,34.91381919704879,minimax,BW,g6f7,Bxf7#,0.01127349998569116,137,1,1,100,0,0,1
3,2,1,0.4617771831436319,minimax,AW,e2e3,e3,1.0005106999888085,12544,4,0,0,0,0,0
3,2,2,1.2227074419062398,random,AB,h7h6,h6,0.00013010000111535192,,,0,0,0,0,0
3,2,3,1.6619072953704181,random,BW,a2a3,a3,0.0002314999874215573,,,0,0,0,0,0
3,2,4,2.770811117992599,minimax,BB,e7e6,e6,1.0056744000175968,13312,4,0,0,0,0,0
3,2,5,4.081643481674923,minimax,AW,d1f3,Qf3,1.0007019999902695,12800,4,0,0,0,0,0
3,2,6,4.977976700034091,random,BW,e2e3,e3,0.001583700010087341,,,0,0,0,0,0
3,2,7,5.729728106484276,minimax,BB,d8f6,Qf6,0.5667980999860447,6146,4,0,0,0,0,0
3,2,8,6.417806002581649,random,AB,b7b5,b5,0.00010950001887977123,,,0,0,0,0,0
3,2,9,8.389630484621568,minimax,AW,f3a8,Qxa8,0.5022598000068683,5201,4,4,500,0,0,0
3,2,10,8.45005178962775,random,BW,f2f3,f3,0.0006790999905206263,,,0,0,0,0,0
3,2,11,9.376829016991113,minimax,BB,R@e7,R@e7,1.009648900013417,10752,3,0,0,4,0,0
3,2,12,9.95300353719212,random,AB,h6h5,h5,0.00010679999832063913,,,0,0,0,0,0
3,2,13,10.11722246543366,random,BW,e1e2,Ke2,0.00011130000348202884,,,0,0,0,0,0
3,2,14,10.420158887500701,minimax,BB,b7b6,b6,0.6286201000039,7024,4,0,0,0,0,0
3,2,15,12.897487088587516,minimax,AW,a8b8,Qxb8,0.5299394000030588,5003,4,2,300,0,0,0
3,2,16,13.40956325207696,random,BW,g1h3,Nh3,0.00012250000145286322,,,0,0,0,0,0
3,2,17,13.983498972324856,random,AB,a7a5,a5,8.910000906325877e-05,,,0,0,0,0,0
3,2,18,15.362582542158743,minimax,BB,c8a6,Ba6+,1.001309899991611,11008,3,0,0,0,0,1
3,2,19,16.96538343643509,minimax,AW,b8b5,Qxb5,1.0125665999948978,13824,4,1,100,0,0,0
3,2,20,17.50703070030672,random,BW,e2f2,Kf2,0.00011369999265298247,,,0,0,0,0,0
3,2,21,19.879059515969036,random,AB,g7g5,g5,0.00010870001278817654,,,0,0,0,0,0
3,2,22,19.954617160536994,minimax,BB,f6h4,Qh4+,1.00447690000874,12288,3,0,0,0,0,1
3,2,23,20.72998660398181,random,BW,g2g3,g3,0.00010040000779554248,,,0,0,0,0,0
3,2,24,21.188942829090085,minimax,AW,b5g5,Qxg5,0.6281529000261799,7136,4,1,100,0,0,0
3,2,25,22.90696960953239,minimax,BB,P@e2,@e2,1.022327500017127,13056,3,0,0,1,0,0
3,2,26,23.236083546146265,random,AB,f8h6,Bh6,0.00011419999646022916,,,0,0,0,0,0
3,2,27,23.312997440849426,random,BW,f3f4,f4,0.00013810000382363796,,,0,0,0,0,0
3,2,28,25.869149497429625,minimax,AW,g5h5,Qxh5,0.5826605999900494,5986,4,1,100,0,0,0
3,2,29,25.900479262464295,minimax,BB,e2d1n,exd1=N+,1.003101299982518,12800,3,5,900,0,2,1
3,2,30,26.959271090507258,random,AB,d7d6,d6,0.00015219999477267265,,,0,0,0,0,0
3,2,31,28.228333536473315,random,BW,f2e1,Ke1,0.00011449999874457717,,,0,0,0,0,0
3,2,32,29.231745286443353,minimax,AW,Q@h4,Q@h4,0.511555099976249,8186,3,0,0,5,0,0
3,2,33,29.78762881462889,minimax,BB,N@f3,N@f3+,1.0083643000107259,12800,3,0,0,2,0,1
3,2,34,31.80830349385292,random,AB,c8e6,Be6,0.0001264000020455569,,,0,0,0,0,0
3,2,35,32.12033141241203,random,BW,e1d1,Kxd1,7.580002420581877e-05,,,1,100,0,0,0
3,2,36,32.49640821754353,minimax,BB,h4h3,Qxh3,1.0021420000120997,10752,3,2,300,0,0,0
3,2,37,32.6333195265383,minimax,AW,h5a5,Qxa5,0.6782801999943331,10304,3,1,100,0,0,0
3,2,38,33.14856969434945,random,BW,f1e2,Be2,0.00010989999282173812,,,0,0,0,0,0
3,2,39,34.84938180159711,minimax,BB,P@g2,@g2,1.0180292000004556,10496,3,0,0,1,0,0
3,2,40,35.078870555877955,random,AB,P@d3,@d3,0.00020710000535473228,,,0,0,1,0,0
3,2,41,35.755180921415416,minimax,AW,c2d3,cxd3,1.0192933000216726,11776,3,1,100,0,0,0
3,2,42,36.19840801048366,random,BW,b2b3,b3,0.00011230001109652221,,,0,0,0,0,0
3,2,43,37.06903371468854,random,AB,e6c8,Bc8,0.0001052000152412802,,,0,0,0,0,0
3,2,44,37.100769672767655,minimax,BB,g2h1q,gxh1=Q+,0.2600098999973852,4954,3,4,500,0,5,1
3,2,45,38.05293504818375,random,BW,e2f1,Bf1,0.000146100006531924,,,0,0,0,0,0
3,2,46,38.93319981801328,minimax,AW,a5a4,Qaa4+,1.0096452999860048,18688,2,0,0,0,0,1
3,2,47,39.29523180162969,minimax,BB,h3f1,Q3xf1#,0.00396030000410974,72,1,3,150,0,0,1
3,2,48,40.29320445345908,random,AB,c7c6,c6,9.14999982342124e-05,,,0,0,0,0,0
3,2,49,40.95110873016304,minimax,AW,a4c6,Qxc6+,1.003940499998862,20224,2,1,100,0,0,1
3,2,50,43.89635371536465,random,AB,d8d7,Qd7,7.350000669248402e-05,,,0,0,0,0,0
3,2,51,45.7119570197518,minimax,AW,c6d7,Qxd7+,1.0151984000112861,18944,2,5,900,0,0,1
3,2,52,46.07186988687325,random,AB,e8d7,Kxd7,9.820002014748752e-05,,,5,900,0,0,0
3,2,53,46.58958243136864,minimax,AW,B@h3,B@h3+,1.0007186000002548,16640,2,0,0,3,0,1
3,2,54,47.256139042858436,random,AB,d7e8,Ke8,9.499999578110874e-05,,,0,0,0,0,0
3,2,55,48.12780283549879,minimax,AW,h3c8,Bxc8,0.6313844999822322,11097,3,3,150,0,0,0
3,2,56,48.98768858772602,random,BW,Q@e1,Q@e1,7.569999434053898e-05,,,0,0,5,0,0
3,2,57,49.92659039275858,minimax,BB,f1e1,Qxe1#,0.008311999990837649,135,1,5,900,0,0,1
4,2,1,0.4617771831436319,random,AW,a2a3,a3,0.00012390001211315393,,,0,0,0,0,0
4,2,2,1.2227074419062398,minimax,AB,e7e6,e6,1.0053814999992028,12032,4,0,0,0,0,0
4,2,3,1.6619072953704181,minimax,BW,e2e3,e3,1.0187781999993604,12032,4,0,0,0,0,0
4,2,4,2.770811117992599,random,BB,h7h6,h6,0.00017739998293109238,,,0,0,0,0,0
4,2,5,4.081643481674923,random,AW,e2e3,e3,0.0001281999866478145,,,0,0,0,0,0
4,2,6,4.977976700034091,minimax,BW,d1f3,Qf3,1.0193609000125434,12544,4,0,0,0,0,0
4,2,7,5.729728106484276,random,BB,b7b5,b5,0.00014540000120177865,,,0,0,0,0,0
4,2,8,6.417806002581649,minimax,AB,d8f6,Qf6,0.5905701000010595,6146,4,0,0,0,0,0
4,2,9,8.389630484621568,random,AW,f2f3,f3,0.00012260000221431255,,,0,0,0,0,0
4,2,10,8.45005178962775,minimax,BW,f3a8,Qxa8,0.5303243999951519,5201,4,4,500,0,0,0
4,2,11,9.376829016991113,random,BB,h6h5,h5,9.970000246539712e-05,,,0,0,0,0,0
4,2,12,9.95300353719212,minimax,AB,R@e7,R@e7,1.0208800999971572,11264,3,0,0,4,0,0
4,2,13,10.11722246543366,minimax,BW,a8b8,Qxb8,1.0059849999961443,11776,4,2,300,0,0,0
4,2,14,10.420158887500701,random,BB,a7a5,a5,0.00010010000551119447,,,0,0,0,0,0
4,2,15,12.897487088587516,random,AW,e1e2,Ke2,0.00011709998943842947,,,0,0,0,0,0
4,2,16,13.40956325207696,minimax,BW,b8b5,Qxb5,1.0089381999860052,13312,4,1,100,0,0,0
4,2,17,13.983498972324856,minimax,AB,N@c4,N@c4,1.0236475999990944,13824,3,0,0,2,0,0
4,2,18,15.362582542158743,random,BB,g7g5,g5,0.00014119999832473695,,,0,0,0,0,0
4,2,19,16.96538343643509,random,AW,g1h3,Nh3,0.00010320000001229346,,,0,0,0,0,0
4,2,20,17.50703070030672,minimax,BW,b5g5,Qxg5,0.6203327999974135,7100,4,1,100,0,0,0
4,2,21,19.879059515969036,minimax,AB,P@d5,@d5,1.0223948000057135,13568,3,0,0,1,0,0
4,2,22,19.954617160536994,random,BB,f8h6,Bh6,0.00010230002226307988,,,0,0,0,0,0
4,2,23,20.72998660398181,minimax,BW,g5h5,Qxh5,0.6049187000025995,5968,4,1,100,0,0,0
4,2,24,21.188942829090085,random,AW,d2d4,d4,0.0001227000029757619,,,0,0,0,0,0
4,2,25,22.90696960953239,random,BB,d7d6,d6,9.48999950196594e-05,,,0,0,0,0,0
4,2,26,23.236083546146265,minimax,AB,P@f5,@f5,1.005353999993531,15872,3,0,0,1,0,0
4,2,27,23.312997440849426,minimax,BW,h5a5,Qxa5,0.5647274000220932,9785,4,1,100,0,0,0
4,2,28,25.869149497429625,random,AW,b2b3,b3,6.200000643730164e-05,,,0,0,0,0,0
4,2,29,25.900479262464295,random,BB,c8e6,Be6,4.25000034738332e-05,,,0,0,0,0,0
4,2,30,26.959271090507258,minimax,AB,P@b2,@b2,0.6294058000203222,11898,4,0,0,1,0,0
4,2,31,28.228333536473315,minimax,BW,a5c3,Qc3,0.5994164999865461,9695,4,0,0,0,0,0
4,2,32,29.231745286443353,random,AW,b3c4,bxc4,0.00011339999036863446,,,2,300,0,0,0
4,2,33,29.78762881462889,random,BB,N@b8,N@b8,0.00013499998021870852,,,0,0,2,0,0
4,2,34,31.80830349385292,minimax,AB,b2a1q,bxa1=Q,0.5164513000054285,9279,4,4,500,0,5,0
4,2,35,32.12033141241203,minimax,BW,c3h8,Qxh8,0.7875246999901719,13881,4,4,500,0,0,0
4,2,36,32.49640821754353,random,BB,e6d7,Bd7,8.850000449456275e-05,,,0,0,0,0,0
4,2,37,32.6333195265383,random,AW,h3f4,Nf4,0.00010429997928440571,,,0,0,0,0,0
4,2,38,33.14856969434945,minimax,BW,h8g8,Qxg8+,1.0135354999802075,18944,3,2,300,0,0,1
4,2,39,34.84938180159711,random,BB,h6f8,Bf8,3.2800016924738884e-05,,,0,0,0,0,0
4,2,40,35.078870555877955,minimax,AB,a1b1,Qxb1,1.0016713000077289,24064,3,2,300,0,0,0
4,2,41,35.755180921415416,random,AW,c1d2,Bd2,7.399998139590025e-05,,,0,0,0,0,0
4,2,42,36.19840801048366,minimax,BW,N@g7,N@g7#,0.00302100001135841,114,1,0,0,2,0,1
5,3,1,1.598075188257054,minimax,AW,e2e3,e3,1.0032214999955613,27136,4,0,0,0,0,0
5,3,2,1.9784869491854866,random,BW,g1f3,Nf3,6.429999484680593e-05,,,0,0,0,0,0
5,3,3,3.8213750433873246,minimax,BB,f7f5,f5,1.003719500004081,29184,4,0,0,0,0,0
5,3,4,4.001211012203331,random,AB,b8a6,Na6,4.5199994929134846e-05,,,0,0,0,0,0
5,3,5,5.471756282455346,minimax,AW,f1a6,Bxa6,0.9988198999781162,38011,5,2,300,0,0,0
5,3,6,6.52939575757916,random,BW,g2g3,g3,6.709998706355691e-05,,,0,0,0,0,0
5,3,7,7.878107393657522,minimax,BB,N@c5,N@c5,0.5294944999914151,13573,4,0,0,2,0,0
5,3,8,8.030013588416848,random,AB,c7c6,c6,5.140001303516328e-05,,,0,0,0,0,0
5,3,9,10.61697320754744,random,BW,h2h4,h4,4.39999857917428e-05,,,0,0,0,0,0
5,3,10,10.83264785234881,minimax,AW,a6c4,Bc4,1.002007400005823,25344,4,0,0,0,0,0
5,3,11,11.092708982348254,minimax,BB,c5e4,Ne4,1.014194099989254,31488,4,0,0,0,0,0
5,3,12,11.753017480054286,random,BW,g3g4,g4,5.980001878924668e-05,,,0,0,0,0,0
5,3,13,12.862979746326644,random,AB,f7f6,f6,5.1700015319511294e-05,,,0,0,0,0,0
5,3,14,13.652628917802101,minimax,BB,f5g4,fxg4,0.841395299998112,26224,5,1,100,0,0,0
5,3,15,14.268999301688666,minimax,AW,P@f7,@f7#,0.0016085999959614128,66,1,0,0,1,0,1
6,3,1,1.598075188257054,random,AW,g1f3,Nf3,7.059998461045325e-05,,,0,0,0,0,0
6,3,2,1.9784869491854866,minimax,BW,e2e3,e3,1.004032400000142,27904,4,0,0,0,0,0
6,3,3,3.8213750433873246,random,BB,b8a6,Na6,4.3100008042529225e-05,,,0,0,0,0,0
6,3,4,4.001211012203331,minimax,AB,f7f5,f5,1.0037336999957915,33280,4,0,0,0,0,0
6,3,5,5.471756282455346,random,AW,g2g3,g3,4.81999886687845e-05,,,0,0,0,0,0
6,3,6,6.52939575757916,minimax,BW,f1a6,Bxa6,1.0030150999955367,30976,4,2,300,0,0,0
6,3,7,7.878107393657522,random,BB,c7c6,c6,7.540002116002142e-05,,,0,0,0,0,0
6,3,8,8.030013588416848,minimax,AB,N@c5,N@c5,0.530629900022177,13573,4,0,0,2,0,0
6,3,9,10.61697320754744,minimax,BW,a6c4,Bc4,1.00063379999483,28160,4,0,0,0,0,0
6,3,10,10.83264785234881,random,AW,h2h4,h4,4.600000102072954e-05,,,0,0,0,0,0
6,3,11,11.092708982348254,random,BB,f7f6,f6,4.149999585933983e-05,,,0,0,0,0,0
6,3,12,11.753017480054286,minimax,BW,c4g8,Bxg8,1.0003712000034284,40704,4,2,300,0,0,0
6,3,13,12.862979746326644,minimax,AB,N@e4,N@e4,0.7499083000002429,15682,4,0,0,2,0,0
6,3,14,13.652628917802101,random,BB,d7d6,d6,7.839998579584062e-05,,,0,0,0,0,0
6,3,15,14.268999301688666,random,AW,g3g4,g4,6.670001312159002e-05,,,0,0,0,0,0
6,3,16,15.178754953500821,minimax,AB,f5g4,fxg4,1.002835999999661,33536,4,1,100,0,0,0
6,3,17,16.553965095026143,minimax,BW,P@f7,@f7+,1.004751300002681,36352,4,0,0,1,0,1
6,3,18,17.40369079692672,random,BB,e8d7,Kd7,6.089999806135893e-05,,,0,0,0,0,0
6,3,19,18.062387948121803,random,AW,a2a3,a3,8.699999307282269e-05,,,0,0,0,0,0
6,3,20,19.001279032688537,minimax,AB,g4f3,gxf3,0.8771230000129435,32227,5,2,300,0,0,0
6,3,21,19.524812705799967,minimax,BW,d1f3,Qf3,0.9496447999845259,21772,4,0,0,0,0,0
6,3,22,19.70973081216991,random,AW,h1g1,Rg1,9.059999138116837e-05,,,0,0,0,0,0
6,3,23,19.929227420479034,random,BB,a7a6,a6,8.419997175224125e-05,,,0,0,0,0,0
6,3,24,20.20224548410199,minimax,AB,f3e2,fxe2,0.9650151000241749,33734,5,1,100,0,0,0
6,3,25,21.116154949249626,random,AW,f1e2,Bxe2,6.669998401775956e-05,,,1,100,0,0,0
6,3,26,22.707194556468682,minimax,BW,N@e4,N@e4,1.022492299991427,26624,3,0,0,2,0,0
6,3,27,23.237063698335962,minimax,AB,g8f6,Ngf6,1.0077087999961805,24064,4,0,0,0,0,0
6,3,28,23.69298794222972,random,BB,P@b4,@b4,9.789998875930905e-05,,,0,0,1,0,0
6,3,29,25.24949873884026,minimax,BW,f3f5,Qf5+,1.0261827999784146,13056,3,0,0,0,0,1
6,3,30,26.056499330587748,random,AW,e2d3,Bd3,0.00019409999367780983,,,0,0,0,0,0
6,3,31,26.67125662613501,random,BB,d7c7,Kc7,0.00014789999113418162,,,0,0,0,0,0
6,3,32,27.587174484290294,minimax,BW,f5f3,Qf3,1.010804499994265,10240,3,0,0,0,0,0
6,3,33,27.96923554363295,minimax,AB,e4d6,Nd6,1.012942600005772,12288,4,0,0,0,0,0
6,3,34,30.20601524128247,random,BB,c8d7,Bd7,0.0001309000072069466,,,0,0,0,0,0
6,3,35,30.827519873903157,random,AW,d1g4,Qg4,0.00012279997463338077,,,0,0,0,0,0
6,3,36,31.17587555229584,minimax,AB,f6g4,Nxg4,1.003775500023039,13568,4,5,900,0,0,0
6,3,37,31.83746625436823,minimax,BW,Q@a5,Q@a5+,0.541835899988655,12005,3,0,0,5,0,1
6,3,38,34.027718195553966,random,AW,c2c3,c3,0.00016709999181330204,,,0,0,0,0,0
6,3,39,34.8018467533707,random,BB,b7b6,b6,9.020001743920147e-05,,,0,0,0,0,0
6,3,40,35.135580112801485,minimax,AB,c5d3,Nxd3+,1.0016417000151705,16896,4,3,150,0,0,1
6,3,41,36.04823189511945,minimax,BW,a5b4,Qxb4,1.0291514999989886,14080,3,1,100,0,0,0
6,3,42,37.28922322967483,random,AW,e1f1,Kf1,9.76000155787915e-05,,,0,0,0,0,0
6,3,43,38.927874918303296,random,BB,e7e5,e5,0.00012919999426230788,,,0,0,0,0,0
6,3,44,39.10872823429778,minimax,AB,P@c2,@c2,0.9786170999868773,10637,4,0,0,1,0,0
6,3,45,40.376670620488106,minimax,BW,e4d6,Nxd6,0.9058082999836188,20136,3,1,100,0,0,0
6,3,46,41.4768576747481,random,AW,g1g4,Rxg4,9.479999425821006e-05,,,2,300,0,0,0
6,3,47,41.93603516547632,minimax,AB,c2b1q,cxb1=Q,0.968482700001914,10378,4,2,300,0,5,0
6,3,48,42.945568347459705,random,BB,N@d1,N@d1,0.00018649999401532114,,,0,0,2,0,0
6,3,49,43.18584819385044,random,AW,g4a4,Ra4,0.00010710000060498714,,,0,0,0,0,0
6,3,50,44.59660002184518,minimax,AB,b1a1,Qxa1,1.0066446000128053,11008,3,4,500,0,0,0
6,3,51,45.06772169443424,minimax,BW,R@b7,R@b7#,0.0074349999777041376,173,1,0,0,4,0,1
7,4,1,2.6424727928680802,minimax,AW,e2e3,e3,1.0089560000051279,12800,4,0,0,0,0,0
7,4,2,2.843893916882608,random,BW,c2c4,c4,0.00012019998393952847,,,0,0,0,0,0
7,4,3,5.082996343206112,random,AB,f7f5,f5,0.00011640001321211457,,,0,0,0,0,0
7,4,4,5.304364185237519,minimax,BB,e7e6,e6,1.0152769999986049,12288,4,0,0,0,0,0
7,4,5,6.309700484365158,minimax,AW,d1f3,Qf3,1.0091379999939818,14848,4,0,0,0,0,0
7,4,6,7.787733983759242,random,AB,b8c6,Nc6,0.00011110000195913017,,,0,0,0,0,0
7,4,7,8.28461642386834,random,BW,d1b3,Qb3,0.00010000000474974513,,,0,0,0,0,0
7,4,8,10.418347778310268,minimax,AW,f3f5,Qxf5,0.5545839999977034,6724,4,1,100,0,0,0
7,4,9,10.989342784688825,minimax,BB,d8f6,Qf6,1.031444599997485,11520,3,0,0,0,0,0
7,4,10,11.828478867189014,random,AB,c6e5,Ne5,0.00013949998538009822,,,0,0,0,0,0
7,4,11,12.07536312978203,random,BW,d2d4,d4,0.00013530001160688698,,,0,0,0,0,0
7,4,12,13.072752025707276,minimax,AW,f5e5,Qxe5,0.5016566000122111,5361,4,2,300,0,0,0
7,4,13,14.017896055229663,minimax,BB,f6d4,Qxd4,0.7118840999901295,13034,3,1,100,0,0,0
7,4,14,14.664436746865434,random,AB,g7g6,g6,0.00013880000915378332,,,0,0,0,0,0
7,4,15,15.48997426547047,minimax,AW,e5h8,Qxh8,1.0165037000260781,12544,3,4,500,0,0,0
7,4,16,16.474621672037387,random,AB,a8b8,Rb8,0.00011640001321211457,,,0,0,0,0,0
7,4,17,16.787732196655128,random,BW,b3c2,Qc2,0.00016240001423284411,,,0,0,0,0,0
7,4,18,18.28551397261043,minimax,BB,f8b4,Bb4+,1.004159600008279,18944,2,0,0,0,0,1
7,4,19,18.37459109508969,minimax,AW,h8g8,Qxg8,0.8935316000133753,11157,4,2,300,0,0,0
7,4,20,18.678271333538472,random,AB,h7h5,h5,9.110002429224551e-05,,,0,0,0,0,0
7,4,21,18.906118722100043,random,BW,c2d2,Qd2,9.029998909682035e-05,,,0,0,0,0,0
7,4,22,20.581407597825155,minimax,AW,g8g6,Qxg6#,0.003019800002221018,70,1,1,100,0,0,1
7,4,23,21.420936203770278,minimax,BB,b4d2,Bxd2+,1.010851900005946,17408,2,5,900,0,0,1
7,4,24,23.53158104453742,random,BW,e1d1,Kd1,7.54999928176403e-05,,,0,0,0,0,0
7,4,25,26.233758609007136,minimax,BB,d2c1,Bxc1+,1.0163836999854539,17664,2,3,150,0,0,1
7,4,26,27.788143348109713,random,BW,d1e1,Ke1,0.0002646000066306442,,,0,0,0,0,0
7,4,27,30.081306731238932,minimax,BB,N@c2,N@c2#,0.009923100005835295,149,1,0,0,2,0,1
8,4,1,2.6424727928680802,random,AW,c2c4,c4,0.00014159997226670384,,,0,0,0,0,0
8,4,2,2.843893916882608,minimax,BW,e2e3,e3,1.007831900002202,11520,4,0,0,0,0,0
8,4,3,5.082996343206112,minimax,AB,e7e6,e6,1.0468588000221644,10496,4,0,0,0,0,0
8,4,4,5.304364185237519,random,BB,f7f5,f5,0.00012250000145286322,,,0,0,0,0,0
8,4,5,6.309700484365158,random,AW,d1b3,Qb3,0.00011449999874457717,,,0,0,0,0,0
8,4,6,7.787733983759242,minimax,AB,f8c5,Bc5,1.0019710000196937,8651,4,0,0,0,0,0
8,4,7,8.28461642386834,minimax,BW,d1f3,Qf3,1.0284875000070315,11520,4,0,0,0,0,0
8,4,8,10.418347778310268,random,AW,e1d1,Kd1,0.000145800004247576,,,0,0,0,0,0
8,4,9,10.989342784688825,random,BB,b8c6,Nc6,0.00022840002202428877,,,0,0,0,0,0
8,4,10,11.828478867189014,minimax,AB,c5f2,Bxf2,1.0228180999984033,8704,3,1,100,0,0,0
8,4,11,12.07536312978203,minimax,BW,f3d5,Qd5,1.0363479999941774,11776,3,0,0,0,0,0
8,4,12,13.072752025707276,random,AW,d1c2,Kc2,0.0001406000228598714,,,0,0,0,0,0
8,4,13,14.017896055229663,random,BB,c6e5,Ne5,0.00014280001050792634,,,0,0,0,0,0
8,4,14,14.664436746865434,minimax,AB,f2g1,Bxg1,1.0180907000030857,11008,3,2,300,0,0,0
8,4,15,15.48997426547047,random,AW,b3g3,Qg3,0.00011160000576637685,,,0,0,0,0,0
8,4,16,16.474621672037387,minimax,AB,g1d4,Bd4,1.0371903000050224,10496,4,0,0,0,0,0
8,4,17,16.787732196655128,minimax,BW,d5e5,Qxe5,1.0074828999931924,13824,3,2,300,0,0,0
8,4,18,18.28551397261043,random,BB,g7g6,g6,0.00015010000788606703,,,0,0,0,0,0
8,4,19,18.37459109508969,random,AW,g3e3,Qe3,0.00020280000171624124,,,0,0,0,0,0
8,4,20,18.678271333538472,minimax,AB,d4e3,Bxe3,1.0202342999982648,8960,3,5,900,0,0,0
8,4,21,18.906118722100043,minimax,BW,e5h8,Qxh8,0.8362360000028275,18969,3,4,500,0,0,0
8,4,22,20.581407597825155,random,AW,c2d3,Kd3,0.00014039999223314226,,,0,0,0,0,0
8,4,23,21.420936203770278,random,BB,a8b8,Rb8,0.0001435000158380717,,,0,0,0,0,0
8,4,24,23.307282924747405,minimax,AB,N@f2,N@f2+,1.0089173000014853,13568,3,0,0,2,0,1
8,4,25,23.53158104453742,minimax,BW,h8g8,Qxg8,0.7077267999993637,16905,3,2,300,0,0,0
8,4,26,26.08652329350535,random,AW,d3c2,Kc2,0.00011490000179037452,,,0,0,0,0,0
8,4,27,26.233758609007136,random,BB,f5f4,f4,9.720001253299415e-05,,,0,0,0,0,0
8,4,28,27.788143348109713,minimax,BW,P@f7,@f7#,0.0056081999791786075,139,1,0,0,1,0,1
9,5,1,1.1605456744511133,minimax,AW,e2e3,e3,1.0096377000154462,11776,4,0,0,0,0,0
9,5,2,1.5388899545518764,random,BW,c2c3,c3,0.0001010000123642385,,,0,0,0,0,0
9,5,3,2.3189396168667207,minimax,BB,e7e6,e6,0.5112894999911077,4706,4,0,0,0,0,0
9,5,4,3.2603430119982564,random,AB,c7c6,c6,0.00011950000771321356,,,0,0,0,0,0
9,5,5,4.418090023017113,random,BW,f2f4,f4,9.650000720284879e-05,,,0,0,0,0,0
9,5,6,4.895633306229554,minimax,BB,d8h4,Qh4+,1.006600199994864,14336,4,0,0,0,0,1
9,5,7,5.314276652614978,random,BW,g2g3,g3,8.190001244656742e-05,,,0,0,0,0,0
9,5,8,5.52984640672891,minimax,AW,d1f3,Qf3,1.0124543000129052,10240,3,0,0,0,0,0
9,5,9,8.015137306307032,minimax,BB,h4f6,Qf6,0.5599314999999478,6461,4,0,0,0,0,0
9,5,10,8.094324491420043,random,AB,g7g6,g6,0.0006291000172495842,,,0,0,0,0,0
9,5,11,8.718293090554223,random,BW,c3c4,c4,0.00048779998905956745,,,0,0,0,0,0
9,5,12,9.28264608697623,minimax,BB,f8c5,Bc5,0.9378491000097711,10200,4,0,0,0,0,0
9,5,13,10.080668881663318,random,BW,f1h3,Bh3,0.00010900001507252455,,,0,0,0,0,0
9,5,14,10.21569017324483,minimax,AW,g1h3,Nh3,1.0214179999893531,9728,3,0,0,0,0,0
9,5,15,10.706099408774564,minimax,BB,c5g1,Bxg1,0.6788818999775685,6782,4,2,300,0,0,0
9,5,16,11.797815326765157,random,AB,e7e6,e6,0.00012409998453222215,,,0,0,0,0,0
9,5,17,12.162923064854951,random,BW,e2e4,e4,0.0001097000204026699,,,0,0,0,0,0
9,5,18,13.505852012283666,minimax,AW,N@g5,N@g5,1.0105368999938946,13568,3,0,0,2,0,0
9,5,19,14.356826912555961,random,AB,f8h6,Bh6,0.00010980002116411924,,,0,0,0,0,0
9,5,20,14.484433900046225,minimax,BB,g1d4,Bd4,0.7382991000195034,8595,4,0,0,0,0,0
9,5,21,15.848100051425387,random,BW,b2b3,b3,0.00014100002590566874,,,0,0,0,0,0
9,5,22,16.33401395138988,minimax,BB,d4a1,Bxa1,0.622817399998894,6737,4,4,500,0,0,0
9,5,23,16.388896826641457,minimax,AW,f3f7,Qxf7#,0.0037178000202402472,70,1,1,100,0,0,1
10,5,1,1.1605456744511133,random,AW,c2c3,c3,0.0001196000084746629,,,0,0,0,0,0
10,5,2,1.5388899545518764,minimax,BW,e2e3,e3,1.0125881000130903,11776,4,0,0,0,0,0
10,5,3,2.3189396168667207,random,BB,c7c6,c6,0.00014750001719221473,,,0,0,0,0,0
10,5,4,3.2603430119982564,minimax,AB,e7e6,e6,0.5071882999909576,4706,4,0,0,0,0,0
10,5,5,4.418090023017113,minimax,BW,f1c4,Bc4,1.0089264999842271,11386,4,0,0,0,0,0
10,5,6,4.895633306229554,random,BB,g7g6,g6,0.00010030000703409314,,,0,0,0,0,0
10,5,7,5.314276652614978,minimax,BW,d1f3,Qf3,1.0114601000095718,13312,4,0,0,0,0,0
10,5,8,5.52984640672891,random,AW,f2f4,f4,0.00010140001541003585,,,0,0,0,0,0
10,5,9,8.015137306307032,random,BB,e7e6,e6,0.00010370000381954014,,,0,0,0,0,0
10,5,10,8.094324491420043,minimax,AB,d8h4,Qh4+,1.0055478000140283,18432,4,0,0,0,0,1
10,5,11,8.718293090554223,minimax,BW,g1h3,Nh3,1.008134700008668,13312,3,0,0,0,0,0
10,5,12,9.28264608697623,random,BB,e8e7,Ke7,0.0001644000003580004,,,0,0,0,0,0
10,5,13,10.080668881663318,minimax,BW,h3g5,Ng5,0.7840398999978788,8146,4,0,0,0,0,0
10,5,14,10.21569017324483,random,AW,g2g3,g3,8.910000906325877e-05,,,0,0,0,0,0
10,5,15,10.706099408774564,random,BB,d8b6,Qb6,0.0001280000142287463,,,0,0,0,0,0
10,5,16,11.797815326765157,minimax,AB,h4f6,Qf6,0.5529123999876902,6461,4,0,0,0,0,0
10,5,17,12.162923064854951,minimax,BW,g5f7,Nxf7,1.0253333000000566,9984,3,1,100,0,0,0
10,5,18,13.505852012283666,random,AW,c3c4,c4,0.00011920000542886555,,,0,0,0,0,0
10,5,19,14.356826912555961,minimax,AB,g8h6,Nh6,1.017260599997826,13056,3,0,0,0,0,0
10,5,20,14.484433900046225,random,BB,b6a5,Qa5,0.0002094999945256859,,,0,0,0,0,0
10,5,21,15.848100051425387,minimax,BW,f7h8,Nxh8,0.9842637999972794,9087,4,4,500,0,0,0
10,5,22,16.33401395138988,random,BB,e7d6,Kd6,0.0001576000067871064,,,0,0,0,0,0
10,5,23,16.388896826641457,random,AW,a2a4,a4,0.0001314000110141933,,,0,0,0,0,0
10,5,24,16.980512706538043,minimax,AB,b8c6,Nc6,1.021277400024701,15104,3,0,0,0,0,0
10,5,25,18.954107319580896,minimax,BW,f3f8,Qxf8+,0.8888455999840517,8512,4,3,150,0,0,1
10,5,26,19.63107991033837,random,BB,g8e7,Ne7,6.829999620094895e-05,,,0,0,0,0,0
10,5,27,19.745403731632862,random,AW,b2b4,b4,0.000510300014866516,,,0,0,0,0,0
10,5,28,20.250388623131236,minimax,BW,h1f1,Rf1,1.0020955999789294,9984,3,0,0,0,0,0
10,5,29,20.97604958392272,minimax,AB,f6a1,Qxa1,0.7183521999977529,16513,3,4,500,0,0,0
10,5,30,21.495155229592612,random,AW,d2d4,d4,0.00010289999772794545,,,0,0,0,0,0
10,5,31,22.681648517511274,random,BB,a5b4,Qb4,0.00014719998580403626,,,0,0,0,0,0
10,5,32,23.64608948488409,minimax,AB,a1b1,Qxb1,0.7009979000140447,15273,3,2,300,0,0,0
10,5,33,24.670922252167085,minimax,BW,R@f4,R@f4,0.6148375999764539,12201,3,0,0,4,0,0
10,5,34,25.22327710821269,random,BB,b4d2,Qxd2+,0.0001230000052601099,,,1,100,0,0,1
10,5,35,25.52852261681949,minimax,BW,c1d2,Bxd2,1.0249680999841075,18688,4,5,900,0,0,0
10,5,36,26.629029233049867,random,AW,P@c5,@c5,0.001111799996579066,,,0,0,1,0,0
10,5,37,27.556577389876264,minimax,AB,c6b4,Nxb4,1.002202000003308,22016,2,1,100,0,0,0
10,5,38,28.233732580328677,random,BB,h7h5,h5,0.00014829999417997897,,,0,0,0,0,0
10,5,39,29.100199411948246,random,AW,f1h3,Bh3,0.0001269000058528036,,,0,0,0,0,0
10,5,40,29.309544645538026,minimax,BW,h8f7,Nf7+,0.5620383999776095,11454,3,0,0,0,0,1
10,5,41,30.284058579412704,minimax,AB,Q@c3,Q@c3+,1.004782600008184,20992,2,0,0,5,0,1
10,5,42,30.797765430421535,random,BB,d6c5,Kc5,0.0006369999900925905,,,0,0,0,0,0
10,5,43,32.04129606996599,random,AW,e1f1,Kf1,0.0002761000068858266,,,0,0,0,0,0
10,5,44,32.66240933527128,minimax,AB,P@c2,@c2,0.9606018000049517,20139,3,0,0,1,0,0
10,5,45,32.66404548177592,minimax,BW,N@a4,N@a4#,0.014032899984158576,113,1,0,0,2,0,1
11,6,1,2.1267062653584548,random,BW,d2d4,d4,0.0001278999843634665,,,0,0,0,0,0
11,6,2,2.9687237038941197,minimax,AW,e2e3,e3,1.0210407999984454,12032,4,0,0,0,0,0
11,6,3,3.423279155503566,random,AB,b8c6,Nc6,0.00013509998098015785,,,0,0,0,0,0
11,6,4,3.6563533476570234,minimax,BB,e7e6,e6,1.0108642999839503,12032,4,0,0,0,0,0
11,6,5,4.59746605526178,minimax,AW,d1g4,Qg4,0.9044864000170492,10512,4,0,0,0,0,0
11,6,6,6.386376932793918,random,BW,e1d2,Kd2,0.00015350000467151403,,,0,0,0,0,0
11,6,7,6.6016971319744355,random,AB,a8b8,Rb8,0.00012209999840706587,,,0,0,0,0,0
11,6,8,6.7158233218772585,minimax,BB,d8f6,Qf6,1.0039425999857485,12032,4,0,0,0,0,0
11,6,9,7.0142729034217215,minimax,AW,g4f5,Qf5,1.0151681000133976,10752,3,0,0,0,0,0
11,6,10,8.97947034523132,random,BW,g2g4,g4,0.00016160000814124942,,,0,0,0,0,0
11,6,11,9.832623846639738,random,AB,g8h6,Nh6,0.00010830000974237919,,,0,0,0,0,0
11,6,12,9.986709374888854,minimax,BB,f6d4,Qxd4+,1.0145312999957241,13056,4,1,100,0,0,1
11,6,13,10.668344288532504,random,BW,d2e1,Ke1,9.429999045096338e-05,,,0,0,0,0,0
11,6,14,11.854882741878239,minimax,AW,f5b5,Qb5,1.0245443000167143,12032,3,0,0,0,0,0
11,6,15,13.553075391539128,minimax,BB,d4d1,Qxd1+,0.8004786999954376,7703,4,5,900,0,0,1
11,6,16,13.729097229810346,random,AB,f7f6,f6,0.00014150000060908496,,,0,0,0,0,0
11,6,17,14.50677960782191,minimax,AW,Q@g3,Q@g3,0.86928149999585,15222,3,0,0,5,0,0
11,6,18,15.143752125959976,random,BW,e1d1,Kxd1,7.929999264888465e-05,,,5,900,0,0,0
11,6,19,15.665713690809458,random,AB,Q@g8,Q@g8,0.00015320000238716602,,,0,0,5,0,0
11,6,20,16.254395867433455,minimax,BB,g8f6,Nf6,1.0112367999972776,11520,4,0,0,0,0,0
11,6,21,16.57390313586275,minimax,AW,b5h5,Qh5+,1.0056047999823932,13312,3,0,0,0,0,1
11,6,22,18.882856442385414,random,BW,g1f3,Nf3,0.00011739999172277749,,,0,0,0,0,0
11,6,23,19.32951677641921,random,AB,g7g6,g6,7.120001828297973e-05,,,0,0,0,0,0
11,6,24,20.517816486480058,minimax,BB,f6g4,Nxg4,1.009501900000032,10240,4,1,100,0,0,0
11,6,25,21.214300743130323,minimax,AW,h5b5,Qb5,1.003979300003266,12288,3,0,0,0,0,0
11,6,26,21.688968676919554,random,BW,c2c3,c3,0.0002857999934349209,,,0,0,0,0,0
11,6,27,21.79119139206526,random,AB,d7d5,d5,0.0001553000183776021,,,0,0,0,0,0
11,6,28,23.26008335135568,minimax,BB,g4f2,Nxf2+,1.0030299000209197,13824,4,1,100,0,0,1
11,6,29,23.69048074613903,minimax,AW,f1e2,Be2,0.5525635000085458,8344,3,0,0,0,0,0
11,6,30,24.473442344014444,random,BW,d1c2,Kc2,9.919999865815043e-05,,,0,0,0,0,0
11,6,31,24.921623052490663,random,AB,d8d7,Qd7,0.00015380000695586205,,,0,0,0,0,0
11,6,32,26.303172966609623,minimax,BB,f2h1,Nxh1,1.0125593999982812,11776,4,4,500,0,0,0
11,6,33,26.422193104043927,minimax,AW,R@f4,R@f4,0.5319553000153974,12077,3,0,0,4,0,0
11,6,34,27.879024936793996,random,BW,h2h4,h4,0.00012250000145286322,,,0,0,0,0,0
11,6,35,28.19178258675088,random,AB,c6a5,Na5,0.00011940000695176423,,,0,0,0,0,0
11,6,36,28.57282651629921,minimax,AW,P@f7,@f7+,1.0038484000251628,11520,3,0,0,1,0,1
11,6,37,30.486712085855498,minimax,BB,h1g3,Ng3,1.0041788000089582,13056,4,0,0,0,0,0
11,6,38,31.143826844853272,random,AB,g8f7,Qxf7,0.00011449999874457717,,,1,100,0,0,0
11,6,39,32.11509795220436,minimax,AW,b5a5,Qxa5,1.0275274000014178,12032,3,2,300,0,0,0
11,6,40,33.20343232701402,random,BW,P@a5,@a5,0.00017070001922547817,,,0,0,1,0,0
11,6,41,35.06002359044254,random,AB,d7c6,Qc6,0.0001157999795395881,,,0,0,0,0,0
11,6,42,35.12608932820521,minimax,BB,g3f1,Nxf1,1.0162183999782428,11008,3,3,150,0,0,0
11,6,43,36.945229277619646,random,BW,f3g1,Ng1,0.0001154000055976212,,,0,0,0,0,0
11,6,44,37.39063206347455,minimax,AW,e2b5,Bb5,0.652038200001698,13070,3,0,0,0,0,0
11,6,45,39.38149435476271,minimax,BB,b8c6,Nc6,1.0146810000005644,10496,3,0,0,0,0,0
11,6,46,39.73871189901824,random,AB,f7g8,Qg8,0.00015499998698942363,,,0,0,0,0,0
11,6,47,40.398971986464645,random,BW,c1d2,Bd2,0.00021509997895918787,,,0,0,0,0,0
11,6,48,41.284623574229144,minimax,BB,f8c5,Bc5,1.0267768999910913,11264,3,0,0,0,0,0
11,6,49,41.595019168438256,minimax,AW,b5c6,Bxc6+,0.5428086999745574,10474,3,5,900,0,0,1
11,6,50,43.851420611009836,random,BW,g1h3,Nh3,0.00015529998927377164,,,0,0,0,0,0
11,6,51,44.2776467093701,random,AB,e8d8,Kd8,0.00010510001447983086,,,0,0,0,0,0
11,6,52,44.62451847146703,minimax,AW,a5a7,Qxa7,0.5811813999898732,12789,3,1,100,0,0,0
11,6,53,45.60868959413061,random,AB,b8a8,Ra8,0.000152900000102818,,,0,0,0,0,0
11,6,54,46.84138384413422,minimax,BB,P@h2,@h2,0.9840184999920893,19769,3,0,0,1,0,0
11,6,55,46.991513939971675,minimax,AW,a7a8,Qxa8,1.0231544999987818,15872,3,4,500,0,0,0
11,6,56,47.263412335558094,random,BW,d2c1,Bc1,0.00012280000373721123,,,0,0,0,0,0
11,6,57,48.32463872985312,minimax,BB,h2h1q,h1=Q,0.9750671999936458,21746,3,0,0,0,5,0
11,6,58,48.53058729362227,random,AB,f8g7,Bg7,0.00011510000331327319,,,0,0,0,0,0
11,6,59,49.01214110051018,random,BW,c2b3,Kb3,9.90999978967011e-05,,,0,0,0,0,0
11,6,60,49.899075469259124,minimax,BB,h1h3,Qxh3,1.0046892999962438,20480,2,2,300,0,0,0
11,6,61,50.5860172816285,minimax,AW,c6b7,Bxb7,1.0063477999938186,22016,2,1,100,0,0,0
11,6,62,51.40487500783105,random,BW,b3a4,Ka4,0.0014158000121824443,,,0,0,0,0,0
11,6,63,51.58624143380799,random,AB,e7e5,e5,0.0006554999854415655,,,0,0,0,0,0
11,6,64,51.72914781978866,minimax,BB,h3h4,Qxh4+,1.0151845999935176,21248,2,1,100,0,0,1
11,6,65,52.39598755286162,minimax,AW,a8c8,Qxc8+,0.8102787999960128,19369,3,3,150,0,0,1
11,6,66,53.87439601724119,random,AB,d8e7,Ke7,0.00010539998766034842,,,0,0,0,0,0
11,6,67,54.16341002210152,random,BW,b2b4,b4,0.0001100999943446368,,,0,0,0,0,0
11,6,68,55.66375969284647,minimax,AW,B@c5,B@c5+,0.8264827000093646,19528,3,0,0,3,0,1
11,6,69,56.13137354250326,minimax,BB,e8g8,O-O,1.008566200005589,20480,2,0,0,0,0,0
11,6,70,56.59679439959837,random,BW,c1e3,Be3,0.0001033000007737428,,,0,0,0,0,0
11,6,71,58.21851897929833,minimax,BB,c5e3,Bxe3,1.0033297999761999,21760,2,3,150,0,0,0
11,6,72,58.628679870212096,random,AB,e7f7,Kf7,0.00013729999773204327,,,0,0,0,0,0
11,6,73,59.35701086817333,random,BW,a2a3,a3,0.00010450000991113484,,,0,0,0,0,0
11,6,74,59.74640008942024,minimax,AW,b7d5,Bxd5#,0.007940999988932163,155,1,1,100,0,0,1
11,6,75,61.46119294073395,minimax,BB,N@g5,N@g5,1.0117546999827027,22528,2,0,0,2,0,0
11,6,76,63.044199921809195,random,BW,a1a2,Ra2,0.0001092999882530421,,,0,0,0,0,0
11,6,77,65.15975331390162,minimax,BB,h4b4,Qxb4+,1.0161516000225674,20736,2,1,100,0,0,1
11,6,78,66.21310052511977,random,BW,a3b4,axb4,8.100000559352338e-05,,,1,100,0,0,0
11,6,79,67.14199290346154,random,AB,P@e6,@e6,8.659999002702534e-05,,,0,0,1,0,0
11,6,80,68.5366401707041,minimax,BB,Q@h8,Q@h8,1.0005552000075113,20480,2,0,0,5,0,0
11,6,81,69.11606154271256,minimax,AW,d5e6,Bxe6#,0.01187800001935102,158,1,1,100,0,0,1
12,6,1,2.1267062653584548,minimax,BW,e2e3,e3,1.0275156999996398,11008,4,0,0,0,0,0
12,6,2,2.9687237038941197,random,AW,d2d4,d4,0.00011309998808428645,,,0,0,0,0,0
12,6,3,3.423279155503566,minimax,AB,e7e6,e6,1.024390599981416,11008,4,0,0,0,0,0
12,6,4,3.6563533476570234,random,BB,b8c6,Nc6,0.00013199998647905886,,,0,0,0,0,0
12,6,5,4.59746605526178,random,AW,e1d2,Kd2,0.00014119999832473695,,,0,0,0,0,0
12,6,6,6.386376932793918,minimax,BW,d1f3,Qf3,1.0264160000078846,10496,3,0,0,0,0,0
12,6,7,6.6016971319744355,minimax,AB,d8f6,Qf6,1.0183144999900833,11008,4,0,0,0,0,0
12,6,8,6.7158233218772585,random,BB,a8b8,Rb8,0.00012740000966005027,,,0,0,0,0,0
12,6,9,7.0142729034217215,random,AW,g2g4,g4,0.001179100014269352,,,0,0,0,0,0
12,6,10,8.97947034523132,minimax,BW,g1h3,Nh3,1.0033746999979485,10240,3,0,0,0,0,0
12,6,11,9.832623846639738,minimax,AB,f6d4,Qxd4+,0.5197840000037104,4159,4,1,100,0,0,1
12,6,12,9.986709374888854,random,BB,g8h6,Nh6,0.0001202999847009778,,,0,0,0,0,0
12,6,13,10.668344288532504,minimax,BW,P@g5,@g5,1.0061648999981117,11008,3,0,0,1,0,0
12,6,14,11.854882741878239,random,AW,d2e1,Ke1,0.00012160002370364964,,,0,0,0,0,0
12,6,15,13.553075391539128,random,BB,f7f6,f6,0.00012129999231547117,,,0,0,0,0,0
12,6,16,13.729097229810346,minimax,AB,d4d1,Qxd1+,0.8599417999794241,7703,4,5,900,0,0,1
12,6,17,14.50677960782191,random,AW,e1d1,Kxd1,6.799999391660094e-05,,,5,900,0,0,0
12,6,18,15.143752125959976,minimax,BW,g5h6,gxh6,1.0010888999968302,11520,3,2,300,0,0,0
12,6,19,15.665713690809458,minimax,AB,f8c5,Bc5,1.0428662000049371,11008,3,0,0,0,0,0
12,6,20,16.254395867433455,random,BB,Q@e5,Q@e5,0.00018159998580813408,,,0,0,5,0,0
12,6,21,16.57390313586275,random,AW,g1f3,Nf3,0.00011749999248422682,,,0,0,0,0,0
12,6,22,18.882856442385414,minimax,BW,h6g7,hxg7,1.020947699988028,10752,3,1,100,0,0,0
12,6,23,19.32951677641921,minimax,AB,c5f2,Bxf2,1.017164099990623,12544,3,1,100,0,0,0
12,6,24,20.517816486480058,random,BB,e5d5,Qd5,0.00014050002209842205,,,0,0,0,0,0
12,6,25,21.214300743130323,random,AW,c2c3,c3,0.00010800000745803118,,,0,0,0,0,0
12,6,26,21.688968676919554,minimax,BW,f3d5,Qxd5,0.5401072000095155,10118,3,5,900,0,0,0
12,6,27,21.79119139206526,minimax,AB,Q@d5,Q@d5+,0.9227495999948587,17543,3,0,0,5,0,1
12,6,28,23.26008335135568,random,BB,d7d6,d6,0.0001145999995060265,,,0,0,0,0,0
12,6,29,23.69048074613903,random,AW,c1d2,Bd2,8.410000009462237e-05,,,0,0,0,0,0
12,6,30,24.473442344014444,minimax,BW,Q@h5,Q@h5+,0.6250327999878209,12742,3,0,0,5,0,1
12,6,31,24.921623052490663,minimax,AB,N@h6,N@h6,1.0037604999961331,15616,2,0,0,2,0,0
12,6,32,26.303172966609623,random,BB,e8d7,Kd7,8.230001549236476e-05,,,0,0,0,0,0
12,6,33,26.422193104043927,random,AW,f3e1,Ne1,0.00012919999426230788,,,0,0,0,0,0
12,6,34,27.879024936793996,minimax,BW,P@e6,@e6#,0.004414499999256805,95,1,0,0,1,0,1
13,7,1,1.6056284513446077,minimax,AW,e2e3,e3,1.0210822999943048,11008,4,0,0,0,0,0
13,7,2,1.9333329037170417,random,BW,b2b4,b4,0.00011619998258538544,,,0,0,0,0,0
13,7,3,2.202627395303674,random,AB,a7a5,a5,0.00011130000348202884,,,0,0,0,0,0
13,7,4,2.9875218388826035,minimax,BB,e7e6,e6,1.0209091000142507,12032,4,0,0,0,0,0
13,7,5,3.7077239124083583,random,BW,h2h3,h3,0.000760800001444295,,,0,0,0,0,0
13,7,6,5.116899648238771,minimax,AW,d1f3,Qf3,0.5030671000131406,4888,4,0,0,0,0,0
13,7,7,5.553099771549887,minimax,BB,f8b4,Bxb4,1.0095029000076465,11520,4,1,100,0,0,0
13,7,8,7.353220926943218,random,AB,g7g5,g5,0.00011190000805072486,,,0,0,0,0,0
13,7,9,7.9191840783389456,random,BW,a2a3,a3,0.00010539998766034842,,,0,0,0,0,0
13,7,10,8.656255080665549,minimax,BB,d8f6,Qf6,1.0010034999868367,12544,4,0,0,0,0,0
13,7,11,9.518975113162657,minimax,AW,g1h3,Nh3,1.0353490999841597,12032,3,0,0,0,0,0
13,7,12,10.64382444964573,random,BW,b1c3,Nc3,0.00030789998709224164,,,0,0,0,0,0
13,7,13,11.298061063532082,random,AB,g8f6,Nf6,0.00015300000086426735,,,0,0,0,0,0
13,7,14,11.608521945232251,minimax,AW,h3g5,Nxg5,1.0132597000047099,11264,3,1,100,0,0,0
13,7,15,11.750486065881422,minimax,BB,b4c3,Bxc3,1.0272756000049412,10240,3,2,300,0,0,0
13,7,16,14.200603800558493,random,AB,d7d5,d5,0.00011250001261942089,,,0,0,0,0,0
13,7,17,14.517611682403793,random,BW,a3a4,a4,8.960001287050545e-05,,,0,0,0,0,0
13,7,18,14.661310520738686,minimax,AW,N@d3,N@d3,1.00129289997858,14080,2,0,0,2,0,0
13,7,19,15.080883816645803,minimax,BB,c3a1,Bxa1,1.0181206999986898,9728,3,4,500,0,0,0
13,7,20,16.909321897712026,random,BW,g2g3,g3,0.0001036000030580908,,,0,0,0,0,0
13,7,21,17.314408679809556,random,AB,f8g7,Bg7,0.00013380000018514693,,,0,0,0,0,0
13,7,22,18.97957024491577,minimax,BB,g8h6,Nh6,1.0121168000041507,11520,3,0,0,0,0,0
13,7,23,19.07888284051405,minimax,AW,R@g1,R@g1,1.0079010000044946,15872,2,0,0,4,0,0
13,7,24,19.978289922818874,random,AB,c8d7,Bd7,0.00015940002049319446,,,0,0,0,0,0
13,7,25,21.87501524117522,random,BW,h1h2,Rh2,9.109999518841505e-05,,,0,0,0,0,0
13,7,26,22.324281604952425,minimax,AW,P@e5,@e5,1.0300057000131346,11008,3,0,0,1,0,0
13,7,27,23.206504742809052,random,AB,b7b5,b5,0.00014220000593923032,,,0,0,0,0,0
13,7,28,24.170465427223625,minimax,AW,e5f6,exf6,1.0063747999956831,10496,3,2,300,0,0,0
13,7,29,24.328137756250207,minimax,BB,a1d4,Bd4,0.5006585999799427,9274,3,0,0,0,0,0
13,7,30,24.550828654079748,random,AB,h8f8,Rf8,0.0001739000144880265,,,0,0,0,0,0
13,7,31,25.99623154030668,random,BW,f1g2,Bg2,8.749999688006938e-05,,,0,0,0,0,0
13,7,32,26.069358891306994,minimax,AW,f6g7,fxg7,0.5342764999950305,4778,4,3,150,0,0,0
13,7,33,26.625318898653923,random,AB,a8a7,Ra7,9.799998952075839e-05,,,0,0,0,0,0
13,7,34,26.919294963623784,minimax,BB,f6f2,Qxf2#,0.007865099993068725,138,1,1,100,0,0,1
14,7,1,1.6056284513446077,random,AW,b2b4,b4,0.00014749998808838427,,,0,0,0,0,0
14,7,2,1.9333329037170417,minimax,BW,e2e3,e3,1.0098320000106469,11520,4,0,0,0,0,0
14,7,3,2.202627395303674,minimax,AB,e7e6,e6,1.0050822999910451,13056,4,0,0,0,0,0
14,7,4,2.9875218388826035,random,BB,a7a5,a5,0.00011300001642666757,,,0,0,0,0,0
14,7,5,3.7077239124083583,minimax,BW,d1f3,Qf3,1.0156141000043135,13056,4,0,0,0,0,0
14,7,6,5.116899648238771,random,AW,h2h3,h3,0.00011130000348202884,,,0,0,0,0,0
14,7,7,5.553099771549887,random,BB,g7g5,g5,0.00010949998977594078,,,0,0,0,0,0
14,7,8,7.353220926943218,minimax,AB,f8b4,Bxb4,1.0122112999961246,13056,4,1,100,0,0,0
14,7,9,7.9191840783389456,minimax,BW,g1h3,Nh3,1.0160544000100344,12032,3,0,0,0,0,0
14,7,10,8.656255080665549,random,BB,g8f6,Nf6,0.00012680000509135425,,,0,0,0,0,0
14,7,11,9.518975113162657,random,AW,a2a3,a3,0.0001280000142287463,,,0,0,0,0,0
14,7,12,10.64382444964573,minimax,BW,h3g5,Nxg5,1.0006796999950893,11264,3,1,100,0,0,0
14,7,13,11.298061063532082,minimax,AB,d8f6,Qf6,1.0024472999793943,10752,3,0,0,0,0,0
14,7,14,11.608521945232251,random,AW,b1c3,Nc3,9.750001481734216e-05,,,0,0,0,0,0
14,7,15,11.750486065881422,random,BB,d7d5,d5,0.00011160000576637685,,,0,0,0,0,0
14,7,16,14.200603800558493,minimax,AB,b4c3,Bxc3,1.0424357000156306,10752,3,2,300,0,0,0
14,7,17,14.517611682403793,minimax,BW,N@e5,N@e5,1.016550600004848,16128,2,0,0,2,0,0
14,7,18,14.661310520738686,random,AW,a3a4,a4,0.00025610000011511147,,,0,0,0,0,0
14,7,19,15.080883816645803,random,BB,f8g7,Bg7,0.00016639998648315668,,,0,0,0,0,0
14,7,20,16.909321897712026,minimax,BW,g5f7,Ngxf7,1.0040066999790724,9728,3,1,100,0,0,0
14,7,21,17.314408679809556,minimax,AB,c3a1,Bxa1,1.0026947000005748,9984,3,4,500,0,0,0
14,7,22,18.97957024491577,random,BB,c8e6,Be6,0.0002106000029016286,,,0,0,0,0,0
14,7,23,19.07888284051405,random,AW,g2g3,g3,9.329998283647001e-05,,,0,0,0,0,0
14,7,24,19.978289922818874,minimax,AB,g8h6,Nh6,1.0146187999926042,12800,3,0,0,0,0,0
14,7,25,21.87501524117522,minimax,BW,f7d8,Nxd8,1.019274599995697,13824,3,5,900,0,0,0
14,7,26,22.324281604952425,random,AW,h1h2,Rh2,9.99000039882958e-05,,,0,0,0,0,0
14,7,27,23.206504742809052,minimax,AB,Q@b1,Q@b1,0.6454586999898311,11288,3,0,0,5,0,0
14,7,28,24.170465427223625,random,AW,f1g2,Bg2,0.00010760000441223383,,,0,0,0,0,0
14,7,29,24.328137756250207,random,BB,b7b5,b5,0.0001713000237941742,,,0,0,0,0,0
14,7,30,24.550828654079748,minimax,AB,P@b2,@b2,1.021651799994288,11008,3,0,0,1,0,0
14,7,31,25.99623154030668,minimax,BW,d8e6,Nxe6,0.5437887000152841,10977,3,3,150,0,0,0
14,7,32,26.069358891306994,random,AW,c2c3,c3,0.0001584000128787011,,,0,0,0,0,0
14,7,33,26.625318898653923,minimax,AB,b2c1q,bxc1=Q,0.5800085999944713,10428,3,3,150,0,5,0
14,7,34,26.919294963623784,random,BB,h8f8,Rf8,0.0001923999807331711,,,0,0,0,0,0
14,7,35,27.747748428674193,random,AW,g2f1,Bf1,0.00012710000737570226,,,0,0,0,0,0
14,7,36,29.006849841496997,minimax,BW,R@c8,R@c8#,0.013308599998708814,147,1,0,0,4,0,1
14,7,37,30.510807672924702,minimax,AB,c1d1,Qxd1#,0.006981600017752498,117,1,5,900,0,0,1
15,8,1,0.5832404248473249,random,BW,a2a4,a4,0.00015070001245476305,,,0,0,0,0,0
15,8,2,1.9223153278162715,minimax,AW,e2e3,e3,1.0043769000039902,11008,4,0,0,0,0,0
15,8,3,3.0250453320543813,minimax,BB,e7e6,e6,1.0097852999751922,12288,4,0,0,0,0,0
15,8,4,4.747958772963199,random,AB,h7h5,h5,0.00010880001354962587,,,0,0,0,0,0
15,8,5,4.970235995889709,random,BW,g1f3,Nf3,9.369998588226736e-05,,,0,0,0,0,0
15,8,6,5.752575208267221,minimax,AW,d1f3,Qf3,1.014620100002503,12288,4,0,0,0,0,0
15,8,7,6.110704189561825,random,AB,f7f6,f6,0.00013680002302862704,,,0,0,0,0,0
15,8,8,6.480939431587293,minimax,BB,d8f6,Qf6,0.7139971999858972,6647,4,0,0,0,0,0
15,8,9,6.798337796162785,minimax,AW,g1h3,Nh3,0.6585730999941006,7146,4,0,0,0,0,0
15,8,10,8.574538533694945,random,AB,b8a6,Na6,0.00011389999417588115,,,0,0,0,0,0
15,8,11,9.250178265834958,random,BW,f3g5,Ng5,0.0002536000101827085,,,0,0,0,0,0
15,8,12,10.561041254772723,minimax,BB,f6g5,Qxg5,0.6521265000046697,5873,4,2,300,0,0,0
15,8,13,10.911518871712282,minimax,AW,f1a6,Bxa6,1.0208127000078093,10752,3,2,300,0,0,0
15,8,14,12.241548365760423,random,BW,b1c3,Nc3,0.00013729999773204327,,,0,0,0,0,0
15,8,15,12.656967057822474,random,AB,h8h7,Rh7,0.00013120000949129462,,,0,0,0,0,0
15,8,16,13.162745026443497,minimax,BB,g5f5,Qf5,0.5618266999954358,9027,3,0,0,0,0,0
15,8,17,13.561231022088478,random,BW,g2g3,g3,0.00010269999620504677,,,0,0,0,0,0
15,8,18,14.161519929914778,minimax,BB,f5e5,Qe5,0.6076277999964077,9393,3,0,0,0,0,0
15,8,19,14.393470267349844,minimax,AW,N@g6,N@g6,1.0316585999971721,13056,3,0,0,2,0,0
15,8,20,14.465881402434393,random,BW,c3b1,Nb1,0.00013080000644549727,,,0,0,0,0,0
15,8,21,16.4263510068425,minimax,BB,N@f3,N@f3#,0.01114470002357848,76,1,0,0,2,0,1
16,8,1,0.5832404248473249,minimax,BW,e2e3,e3,1.0111865000217222,11776,4,0,0,0,0,0
16,8,2,1.9223153278162715,random,AW,a2a4,a4,0.00012199999764561653,,,0,0,0,0,0
16,8,3,3.0250453320543813,random,BB,h7h5,h5,0.0001278999843634665,,,0,0,0,0,0
16,8,4,4.747958772963199,minimax,AB,e7e6,e6,1.0143349999852944,13056,4,0,0,0,0,0
16,8,5,4.970235995889709,minimax,BW,d1f3,Qf3,1.0125557999999728,12288,4,0,0,0,0,0
16,8,6,5.752575208267221,random,AW,g1f3,Nf3,0.00014139999984763563,,,0,0,0,0,0
16,8,7,6.110704189561825,minimax,AB,d8f6,Qf6,0.6058444999798667,6647,4,0,0,0,0,0
16,8,8,6.480939431587293,random,BB,f7f6,f6,0.00012229999992996454,,,0,0,0,0,0
16,8,9,6.798337796162785,random,AW,f3g5,Ng5,9.940000018104911e-05,,,0,0,0,0,0
16,8,10,8.574538533694945,minimax,AB,f6g5,Qxg5,0.5426843999885023,5873,4,2,300,0,0,0
16,8,11,9.250178265834958,minimax,BW,N@g6,N@g6,1.0107824000006076,12032,3,0,0,2,0,0
16,8,12,10.561041254772723,random,BB,b8a6,Na6,0.00011409999569877982,,,0,0,0,0,0
16,8,13,10.911518871712282,random,AW,b1c3,Nc3,0.00010460001067258418,,,0,0,0,0,0
16,8,14,12.241548365760423,minimax,BW,g6h8,Nxh8,0.5483977999829222,6198,4,4,500,0,0,0
16,8,15,12.656967057822474,minimax,AB,g5f5,Qf5,0.5114175000053365,9227,3,0,0,0,0,0
16,8,16,13.162745026443497,random,BB,g8h6,Nh6,0.00013960001524537802,,,0,0,0,0,0
16,8,17,13.561231022088478,minimax,BW,f1a6,Bxa6,1.0178516999876592,15360,4,2,300,0,0,0
16,8,18,14.161519929914778,random,BB,h6g8,Ng8,0.00010379997547715902,,,0,0,0,0,0
16,8,19,14.393470267349844,random,AW,g2g3,g3,0.00010010000551119447,,,0,0,0,0,0
16,8,20,14.465881402434393,minimax,BW,f3h5,Qxh5+,0.08731050000642426,1725,3,1,100,0,0,1
16,8,21,16.4263510068425,random,BB,g7g6,g6,5.729999975301325e-05,,,0,0,0,0,0
16,8,22,17.047861243335902,minimax,AB,N@d8,N@d8,1.0022465999936685,19712,2,0,0,2,0,0
16,8,23,17.79415223265281,minimax,BW,h5g6,Qxg6#,0.002338099991902709,47,1,1,100,0,0,1
16,8,24,18.323978199074553,random,AW,c3b1,Nb1,0.00010930001735687256,,,0,0,0,0,0
16,8,25,21.162614366918525,minimax,AB,g8h6,Nh6,0.5563870999903884,11265,3,0,0,0,0,0
16,8,26,21.769500242439182,random,AW,g3g4,g4,0.00012859998969361186,,,0,0,0,0,0
16,8,27,24.68258037343158,minimax,AB,h6g4,Nxg4,1.0023509000020567,14336,3,1,100,0,0,0
16,8,28,27.24340958356274,random,AW,a4a5,a5,9.320001117885113e-05,,,0,0,0,0,0
16,8,29,29.014378644636558,minimax,AB,f5f2,Qxf2#,0.005303499987348914,108,1,1,100,0,0,1
17,9,1,0.6443325656114809,random,BW,g2g4,g4,0.00043230000301264226,,,0,0,0,0,0
17,9,2,0.9617178894086253,minimax,AW,e2e3,e3,1.0215588999853935,12032,4,0,0,0,0,0
17,9,3,2.091716927286229,minimax,BB,g8h6,Nh6,1.0051883999840356,10752,4,0,0,0,0,0
17,9,4,2.729679174963061,random,BW,g4g5,g5,0.00010699999984353781,,,0,0,0,0,0
17,9,5,3.641111066537369,minimax,BB,h6g4,Ng4,1.0057361000217497,13056,4,0,0,0,0,0
17,9,6,3.698139468107076,random,AB,b7b5,b5,0.00011870000162161887,,,0,0,0,0,0
17,9,7,4.849964294447597,random,BW,e2e4,e4,0.00013160001253709197,,,0,0,0,0,0
17,9,8,5.116695083568935,minimax,AW,f1b5,Bxb5,1.0069429999857675,12800,4,1,100,0,0,0
17,9,9,5.2385667881175335,minimax,BB,P@h5,@h5,1.0088189000089187,11520,3,0,0,1,0,0
17,9,10,5.723697969088214,random,BW,b2b3,b3,0.00012650000280700624,,,0,0,0,0,0
17,9,11,5.762756872833551,random,AB,b8c6,Nc6,0.00010910001583397388,,,0,0,0,0,0
17,9,12,6.215786114269475,minimax,AW,d1f3,Qf3,1.0119037000113167,12288,4,0,0,0,0,0
17,9,13,6.830145363886043,minimax,BB,a7a5,a5,1.0052580999908969,11916,4,0,0,0,0,0
17,9,14,8.740726154600729,random,AB,c6b4,Nb4,0.00011950000771321356,,,0,0,0,0,0
17,9,15,9.42186557445551,random,BW,f1e2,Be2,0.00013899998157285154,,,0,0,0,0,0
17,9,16,10.310302465204646,minimax,AW,f3e4,Qe4,1.0065495999879204,11008,4,0,0,0,0,0
17,9,17,11.123723647037345,random,AB,b4a6,Na6,0.00014459999511018395,,,0,0,0,0,0
17,9,18,11.355870116725532,minimax,BB,g4f2,Nxf2,1.0120924999937415,12032,4,1,100,0,0,0
17,9,19,12.583300010091953,minimax,AW,e4a8,Qxa8,1.030896100011887,11520,3,4,500,0,0,0
17,9,20,13.282260995152782,random,BW,e1f2,Kxf2,0.00016150000737980008,,,2,300,0,0,0
17,9,21,13.378982785010608,random,AB,N@a3,N@a3,0.000506900018081069,,,0,0,2,0,0
17,9,22,15.342841291136937,minimax,AW,b2a3,bxa3,1.010123099986231,9984,3,2,300,0,0,0
17,9,23,15.464204254898847,minimax,BB,R@f4,R@f4+,1.0065300000132993,10240,3,0,0,4,0,1
17,9,24,16.232063060117873,random,BW,f2e1,Ke1,9.040001896210015e-05,,,0,0,0,0,0
17,9,25,16.559757356210845,random,AB,c7c5,c5,0.00011230001109652221,,,0,0,0,0,0
17,9,26,17.387345612704575,minimax,BB,N@g2,N@g2#,0.0026394999877084047,59,1,0,0,2,0,1
18,9,1,0.6443325656114809,minimax,BW,e2e3,e3,1.005324899975676,11008,4,0,0,0,0,0
18,9,2,0.9617178894086253,random,AW,g2g4,g4,0.00011799999629147351,,,0,0,0,0,0
18,9,3,2.091716927286229,random,BB,b7b5,b5,0.00011150000500492752,,,0,0,0,0,0
18,9,4,2.729679174963061,minimax,BW,f1b5,Bxb5,1.0128433000063524,11008,4,1,100,0,0,0
18,9,5,3.641111066537369,random,BB,b8c6,Nc6,0.00010909998673014343,,,0,0,0,0,0
18,9,6,3.698139468107076,minimax,AB,g8h6,Nh6,0.8480173000134528,8742,4,0,0,0,0,0
18,9,7,4.849964294447597,minimax,BW,d1f3,Qf3,1.002711699984502,10752,4,0,0,0,0,0
18,9,8,5.116695083568935,random,AW,g4g5,g5,0.00011170000652782619,,,0,0,0,0,0
18,9,9,5.2385667881175335,random,BB,c6b4,Nb4,0.00010959999053739011,,,0,0,0,0,0
18,9,10,5.723697969088214,minimax,BW,f3e4,Qe4,1.0081625999882817,10240,4,0,0,0,0,0
18,9,11,5.762756872833551,minimax,AB,h6g4,Ng4,0.7051623000006657,7505,4,0,0,0,0,0
18,9,12,6.215786114269475,random,AW,e2e4,e4,9.929999941959977e-05,,,0,0,0,0,0
18,9,13,6.830145363886043,random,BB,b4a6,Na6,0.00014069999451749027,,,0,0,0,0,0
18,9,14,8.740726154600729,minimax,AB,P@h5,@h5,1.0259013999893796,9728,3,0,0,1,0,0
18,9,15,9.42186557445551,minimax,BW,e4a8,Qxa8,0.8032167000055779,7439,4,4,500,0,0,0
18,9,16,10.310302465204646,random,AW,b2b3,b3,0.00015090001397766173,,,0,0,0,0,0
18,9,17,11.123723647037345,minimax,AB,R@f4,R@f4,1.011177399981534,10240,3,0,0,4,0,0
18,9,18,11.355870116725532,random,BB,e7e6,e6,0.00010639999527484179,,,0,0,0,0,0
18,9,19,12.583300010091953,random,AW,f1e2,Be2,0.0001314000110141933,,,0,0,0,0,0
18,9,20,13.282260995152782,minimax,BW,b5a6,Bxa6,0.6009782000037376,5641,4,2,300,0,0,0
18,9,21,13.378982785010608,minimax,AB,N@g2,N@g2+,0.1984721999906469,2966,3,0,0,2,0,1
18,9,22,15.342841291136937,random,AW,e1f1,Kf1,0.0002010999887716025,,,0,0,0,0,0
18,9,23,15.464204254898847,random,BB,h7h6,h6,0.00015389997861348093,,,0,0,0,0,0
18,9,24,16.232063060117873,minimax,BW,a6c8,Bxc8,0.5934652999858372,5367,4,3,150,0,0,0
18,9,25,16.559757356210845,minimax,AB,f4f2,Rxf2#,0.0037714999925810844,61,1,1,100,0,0,1
19,10,1,0.9640029605441331,random,BW,b1c3,Nc3,0.00014489999739453197,,,0,0,0,0,0
19,10,2,1.0362883786764412,minimax,AW,e2e3,e3,1.0011472000041977,12288,4,0,0,0,0,0
19,10,3,2.9012981144274796,random,AB,g8h6,Nh6,0.0005029999883845448,,,0,0,0,0,0
19,10,4,3.1686700558640855,minimax,BB,c7c6,c6,1.003567000007024,11264,4,0,0,0,0,0
19,10,5,3.283964872360872,minimax,AW,d1f3,Qf3,0.5966749000072014,6761,4,0,0,0,0,0
19,10,6,4.147800966008416,random,BW,e2e3,e3,0.00013570001465268433,,,0,0,0,0,0
19,10,7,6.27025257569866,random,AB,h6g4,Ng4,0.00012370001059025526,,,0,0,0,0,0
19,10,8,6.667341646456494,minimax,BB,d8a5,Qa5,1.028177100000903,12544,3,0,0,0,0,0
19,10,9,7.071689576423401,random,BW,f2f3,f3,0.00014859999646432698,,,0,0,0,0,0
19,10,10,8.02865383047764,minimax,BB,g8h6,Nh6,1.0274562000122387,11520,3,0,0,0,0,0
19,10,11,8.239896261243283,minimax,AW,f3g4,Qxg4,0.6384039999975357,5589,4,2,300,0,0,0
19,10,12,9.731234992755512,random,BW,c3b1,Nb1,0.00016250001499429345,,,0,0,0,0,0
19,10,13,10.624031392978143,random,AB,e7e5,e5,0.0001162000116892159,,,0,0,0,0,0
19,10,14,10.70941252390798,minimax,BB,a5d5,Qd5,1.0237842999922577,12032,3,0,0,0,0,0
19,10,15,11.929542430529605,random,BW,e3e4,e4,0.00011710001854225993,,,0,0,0,0,0
19,10,16,12.4542632579718,minimax,AW,g4f5,Qf5,1.044604700000491,8921,4,0,0,0,0,0
19,10,17,12.556292722934051,minimax,BB,d5e6,Qe6,1.0006061999883968,9472,3,0,0,0,0,0
19,10,18,14.315991937242494,random,AB,d8f6,Qf6,0.00013280002167448401,,,0,0,0,0,0
19,10,19,15.071532291104662,minimax,AW,f5f6,Qxf6,0.5977029000059702,4552,4,5,900,0,0,0
19,10,20,15.386960197290026,random,BW,g1e2,Ne2,0.00017290000687353313,,,0,0,0,0,0
19,10,21,15.78168822085342,minimax,BB,N@c5,N@c5,0.5117998000059742,9193,3,0,0,2,0,0
19,10,22,17.055800372827466,random,AB,g7g5,g5,0.00023360000341199338,,,0,0,0,0,0
19,10,23,18.118853709210583,minimax,AW,f6h8,Qxh8,0.682954099989729,6229,4,4,500,0,0,0
19,10,24,18.53902394703226,random,BW,e2c3,Nec3,0.0001441999920643866,,,0,0,0,0,0
19,10,25,19.01656176579016,minimax,BB,Q@d6,Q@d6,0.684704099985538,11761,3,0,0,5,0,0
19,10,26,19.26785726424219,random,AB,e8e7,Ke7,0.0001221999991685152,,,0,0,0,0,0
19,10,27,20.375013310550877,minimax,AW,h8e5,Qxe5+,0.5253481999970973,4553,4,1,100,0,0,1
19,10,28,20.945768728712164,random,AB,e7d8,Kd8,0.00011899997480213642,,,0,0,0,0,0
19,10,29,21.60767999625489,random,BW,e1f2,Kf2,0.00015889998758211732,,,0,0,0,0,0
19,10,30,22.286046780606355,minimax,AW,e5g5,Qxg5+,0.9640436999907251,9509,4,1,100,0,0,1
19,10,31,22.4488146017845,minimax,BB,d6d4,Qd4+,0.5890199999848846,11067,3,0,0,0,0,1
19,10,32,23.259281210547122,random,AB,f8e7,Be7,0.00010660002590157092,,,0,0,0,0,0
19,10,33,24.919961431073947,random,BW,f2g3,Kg3,0.00014990000636316836,,,0,0,0,0,0
19,10,34,25.622915920577455,minimax,AW,g5g8,Qg8+,0.14680600000428967,1884,3,0,0,0,0,1
19,10,35,26.63501993930617,minimax,BB,e6g6,Qg6+,0.57784929999616,11092,3,0,0,0,0,1
19,10,36,28.099793777580892,random,AB,e7f8,Bf8,7.729997741989791e-05,,,0,0,0,0,0
19,10,37,28.892688707166066,random,BW,g3f4,Kf4,0.00010740000288933516,,,0,0,0,0,0
19,10,38,30.51940224036821,minimax,BB,e7e5,e5#,0.005765900015830994,102,1,0,0,0,0,1
20,10,1,0.9640029605441331,minimax,BW,e2e3,e3,1.0026592999929562,12800,4,0,0,0,0,0
20,10,2,1.0362883786764412,random,AW,b1c3,Nc3,0.00021919998107478023,,,0,0,0,0,0
20,10,3,2.9012981144274796,minimax,AB,c7c6,c6,1.0189719999907538,9984,4,0,0,0,0,0
20,10,4,3.1686700558640855,random,BB,g8h6,Nh6,0.0001446999958716333,,,0,0,0,0,0
20,10,5,3.283964872360872,random,AW,e2e3,e3,0.00010619999375194311,,,0,0,0,0,0
20,10,6,4.147800966008416,minimax,BW,d1f3,Qf3,0.6530411000130698,6761,4,0,0,0,0,0
20,10,7,6.27025257569866,minimax,AB,d8a5,Qa5,1.0153214000165462,11008,3,0,0,0,0,0
20,10,8,6.667341646456494,random,BB,h6g4,Ng4,0.00011470000026747584,,,0,0,0,0,0
20,10,9,7.071689576423401,minimax,BW,f3g4,Qxg4,0.647008600004483,5589,4,2,300,0,0,0
20,10,10,8.02865383047764,random,BB,e7e5,e5,0.0001202999847009778,,,0,0,0,0,0
20,10,11,8.239896261243283,random,AW,f2f3,f3,0.0001632999919820577,,,0,0,0,0,0
20,10,12,9.731234992755512,minimax,BW,g4f5,Qf5,0.9625603999884333,8921,4,0,0,0,0,0
20,10,13,10.624031392978143,minimax,AB,N@e5,N@e5,1.0082823999982793,13056,3,0,0,2,0,0
20,10,14,10.70941252390798,random,BB,d8f6,Qf6,0.0001984999980777502,,,0,0,0,0,0
20,10,15,11.929542430529605,minimax,BW,f5f6,Qxf6,0.5714748000027612,4552,4,5,900,0,0,0
20,10,16,12.4542632579718,random,AW,c3b1,Nb1,0.00017440001829527318,,,0,0,0,0,0
20,10,17,12.556292722934051,random,BB,g7g5,g5,0.00013569998554885387,,,0,0,0,0,0
20,10,18,14.315991937242494,minimax,AB,Q@d5,Q@d5,1.0140959999989718,11008,3,0,0,5,0,0
20,10,19,15.071532291104662,random,AW,e3e4,e4,0.00013410000246949494,,,0,0,0,0,0
20,10,20,15.386960197290026,minimax,BW,f6h8,Qxh8,0.7137978000100702,6229,4,4,500,0,0,0
20,10,21,15.78168822085342,random,BB,e8e7,Ke7,0.00012420001439750195,,,0,0,0,0,0
20,10,22,17.055800372827466,minimax,AB,d5e6,Qe6,1.0059799999871757,10240,3,0,0,0,0,0
20,10,23,18.118853709210583,random,AW,g1e2,Ne2,0.00015119998715817928,,,0,0,0,0,0
20,10,24,18.53902394703226,minimax,BW,h8e5,Qxe5+,0.5114235999935772,4553,4,1,100,0,0,1
20,10,25,19.01656176579016,random,BB,e7d8,Kd8,8.349999552592635e-05,,,0,0,0,0,0
20,10,26,19.26785726424219,minimax,AB,R@e3,R@e3,0.5510463999817148,10838,3,0,0,4,0,0
20,10,27,20.375013310550877,random,AW,e1f2,Kf2,0.0001412000274285674,,,0,0,0,0,0
20,10,28,20.945768728712164,minimax,AB,e5g4,Ng4+,1.0101823000004515,10496,3,0,0,0,0,1
20,10,29,21.60767999625489,minimax,BW,e5g5,Qxg5+,0.9745358999934979,9509,4,1,100,0,0,1
20,10,30,22.286046780606355,random,AW,f2e1,Ke1,0.0001109000004362315,,,0,0,0,0,0
20,10,31,22.4488146017845,random,BB,f8e7,Be7,6.86999992467463e-05,,,0,0,0,0,0
20,10,32,23.259281210547122,minimax,AB,P@f2,@f2#,0.005535100004635751,83,1,0,0,1,0,1
21,11,1,2.0350457565002227,random,BW,g2g3,g3,0.00015959999291226268,,,0,0,0,0,0
21,11,2,2.69803531257423,minimax,AW,e2e3,e3,1.0076078999845777,11520,4,0,0,0,0,0
21,11,3,3.3102213675699907,random,AB,g8f6,Nf6,0.00011299998732283711,,,0,0,0,0,0
21,11,4,4.610236584195403,minimax,AW,d1f3,Qf3,1.0019954000017606,12032,4,0,0,0,0,0
21,11,5,4.801537116203776,minimax,BB,e7e5,e5,1.0023591999779455,13056,4,0,0,0,0,0
21,11,6,5.927014014711857,random,BW,d2d4,d4,0.00015169999096542597,,,0,0,0,0,0
21,11,7,7.514346007949068,random,AB,h7h5,h5,7.469998672604561e-05,,,0,0,0,0,0
21,11,8,7.672504933536479,minimax,BB,e5e4,e4,1.000535500003025,12032,4,0,0,0,0,0
21,11,9,8.390748427907948,minimax,AW,f1c4,Bc4,0.84301989999949,9338,4,0,0,0,0,0
21,11,10,9.468215540930036,random,AB,d7d5,d5,0.0001247999898623675,,,0,0,0,0,0
21,11,11,10.171757936256164,random,BW,e2e3,e3,0.00013860000763088465,,,0,0,0,0,0
21,11,12,11.657814315752598,minimax,AW,c4b5,Bb5+,0.6043598999967799,5664,4,0,0,0,0,1
21,11,13,12.522700575172856,minimax,BB,d8f6,Qf6,0.5244470000034198,6109,4,0,0,0,0,0
21,11,14,13.111227414486956,random,AB,b8d7,Nbd7,0.00010280002607032657,,,0,0,0,0,0
21,11,15,13.535632857531327,random,BW,g3g4,g4,0.00014319998444989324,,,0,0,0,0,0
21,11,16,14.411489897960417,minimax,BB,g8h6,Nh6,0.6557789999933448,6880,4,0,0,0,0,0
21,11,17,15.423555043120796,minimax,AW,b5d7,Bxd7+,0.5215469999820925,5633,4,2,300,0,0,1
21,11,18,16.201046096809307,random,AB,d8d7,Qxd7,7.90000194683671e-05,,,3,150,0,0,0
21,11,19,17.247629361815797,minimax,AW,g1h3,Nh3,1.0110970999812707,13568,3,0,0,0,0,0
21,11,20,17.283631765358308,random,BW,h2h4,h4,0.0001923999807331711,,,0,0,0,0,0
21,11,21,18.795944452045966,minimax,BB,f8b4,Bb4+,1.0267972000001464,9472,3,0,0,0,0,1
21,11,22,19.068502036781872,random,AB,d7b5,Qb5,0.0001509999856352806,,,0,0,0,0,0
21,11,23,19.50747744972353,random,BW,c2c3,c3,0.00011920000542886555,,,0,0,0,0,0
21,11,24,20.414925952838193,minimax,AW,a2a4,a4,0.90014740001061,8547,4,0,0,0,0,0
21,11,25,20.777540883587545,random,AB,e8d7,Kd7,0.0001438999897800386,,,0,0,0,0,0
21,11,26,21.19272384056693,minimax,BB,b4f8,Bf8,1.0507045999984257,15104,3,0,0,0,0,0
21,11,27,22.072168080470316,minimax,AW,a4b5,axb5,1.0148728000058327,11264,4,5,900,0,0,0
21,11,28,23.697322307924107,random,BW,f1a6,Ba6,0.00021440000273287296,,,0,0,0,0,0
21,11,29,24.272554008269193,random,AB,a8b8,Rb8,0.00015669999993406236,,,0,0,0,0,0
21,11,30,25.216147883909823,minimax,BB,Q@g2,Q@g2,0.5893798999895807,9809,3,0,0,5,0,0
21,11,31,26.83815901042276,minimax,AW,a1a7,Rxa7,0.606005500012543,6938,4,1,100,0,0,0
21,11,32,27.188299847262623,random,AB,c7c5,c5,0.00011329998960718513,,,0,0,0,0,0
21,11,33,27.413037456703556,random,BW,a6b5,Bb5,0.00018679999629966915,,,0,0,0,0,0
21,11,34,27.772589631657603,minimax,BB,g2f2,Qgxf2#,0.005415999999968335,104,1,1,100,0,0,1
22,11,1,2.0350457565002227,minimax,BW,e2e3,e3,1.0216914000047836,12800,4,0,0,0,0,0
22,11,2,2.69803531257423,random,AW,g2g3,g3,0.00013789997319690883,,,0,0,0,0,0
22,11,3,3.3102213675699907,minimax,AB,e7e5,e5,1.0055274000042118,12032,4,0,0,0,0,0
22,11,4,4.610236584195403,random,AW,d2d4,d4,0.00011190000805072486,,,0,0,0,0,0
22,11,5,4.801537116203776,random,BB,g8f6,Nf6,0.00010760000441223383,,,0,0,0,0,0
22,11,6,5.927014014711857,minimax,BW,d1f3,Qf3,1.0231997999944724,13312,4,0,0,0,0,0
22,11,7,7.514346007949068,minimax,AB,e5e4,e4,1.0085860999824945,11264,4,0,0,0,0,0
22,11,8,7.672504933536479,random,BB,h7h5,h5,0.00010720000136643648,,,0,0,0,0,0
22,11,9,8.390748427907948,random,AW,e2e3,e3,0.00011250001261942089,,,0,0,0,0,0
22,11,10,9.468215540930036,minimax,AB,d8f6,Qf6,0.5087078000069596,6109,4,0,0,0,0,0
22,11,11,10.171757936256164,minimax,BW,f1c4,Bc4,0.7874686999712139,9338,4,0,0,0,0,0
22,11,12,11.657814315752598,random,AW,g3g4,g4,0.0001385000068694353,,,0,0,0,0,0
22,11,13,12.522700575172856,random,BB,d7d5,d5,0.00010699999984353781,,,0,0,0,0,0
22,11,14,13.111227414486956,minimax,AB,g8h6,Nh6,0.6740385000011884,6880,4,0,0,0,0,0
22,11,15,13.535632857531327,minimax,BW,c4b5,Bb5+,0.5818484000046737,5664,4,0,0,0,0,1
22,11,16,14.411489897960417,random,BB,b8d7,Nbd7,7.790001109242439e-05,,,0,0,0,0,0
22,11,17,15.423555043120796,random,AW,d1d3,Qd3,0.0001713000237941742,,,0,0,0,0,0
22,11,18,16.201046096809307,minimax,AB,e4d3,exd3,1.004129600012675,10752,4,5,900,0,0,0
22,11,19,17.247629361815797,random,AW,b1c3,Nc3,0.00011110000195913017,,,0,0,0,0,0
22,11,20,17.283631765358308,minimax,BW,b5d7,Bxd7+,1.0316570000140928,11520,3,2,300,0,0,1
22,11,21,18.795944452045966,random,BB,d8d7,Qxd7,7.919999188743532e-05,,,3,150,0,0,0
22,11,22,19.068502036781872,minimax,AB,f6c6,Qc6,1.0051813999889418,12288,3,0,0,0,0,0
22,11,23,19.50747744972353,minimax,BW,Q@e2,Q@e2,0.6312240000115708,8479,3,0,0,5,0,0
22,11,24,20.414925952838193,random,AW,c3e4,Ne4,0.00019910000264644623,,,0,0,0,0,0
22,11,25,20.777540883587545,minimax,AB,c6e4,Qxe4,1.0256739000033122,10240,3,2,300,0,0,0
22,11,26,21.19272384056693,random,BB,d7b5,Qb5,0.00016250001499429345,,,0,0,0,0,0
22,11,27,22.072168080470316,random,AW,g1h3,Nh3,0.00018470000941306353,,,0,0,0,0,0
22,11,28,23.697322307924107,minimax,BW,e2b5,Qxb5+,0.6172052999900188,4243,4,5,900,0,0,1
22,11,29,24.272554008269193,minimax,AB,N@f3,N@f3+,0.8062614999944344,11900,3,0,0,2,0,1
22,11,30,25.216147883909823,random,BB,e8d8,Kd8,8.380002691410482e-05,,,0,0,0,0,0
22,11,31,26.83815901042276,random,AW,e1d1,Kd1,7.259999983943999e-05,,,0,0,0,0,0
22,11,32,27.188299847262623,minimax,AB,Q@e1,Q@e1#,0.0062707999895792454,79,1,0,0,5,0,1
23,12,1,1.377765714602662,random,BW,b2b3,b3,0.0001483999949414283,,,0,0,0,0,0
23,12,2,2.020799220444846,minimax,AW,e2e3,e3,1.0024411999911536,12032,4,0,0,0,0,0
23,12,3,3.0291946238059113,random,AB,b8c6,Nc6,0.0001105000264942646,,,0,0,0,0,0
23,12,4,3.5411335060978697,minimax,BB,e7e5,e5,0.537149000010686,5076,4,0,0,0,0,0
23,12,5,4.473646812344389,minimax,AW,d1g4,Qg4,0.7259928999992553,7774,4,0,0,0,0,0
23,12,6,5.404709864014626,random,BW,d2d3,d3,0.00022109999554231763,,,0,0,0,0,0
23,12,7,7.2527691532002425,random,AB,c6b4,Nb4,0.00012909999350085855,,,0,0,0,0,0
23,12,8,7.523328446019116,minimax,BB,d8f6,Qf6,1.0271935999917332,9984,4,0,0,0,0,0
23,12,9,8.721560047181283,minimax,AW,g4b4,Qxb4,1.0126964999944903,10752,4,2,300,0,0,0
23,12,10,10.173969813317193,random,BW,d1d2,Qd2,0.00018699999782256782,,,0,0,0,0,0
23,12,11,10.982612661402575,random,AB,e7e6,e6,0.00016830000095069408,,,0,0,0,0,0
23,12,12,12.952153246282434,minimax,BB,N@h6,N@h6,1.0188520000083372,19200,3,0,0,2,0,0
23,12,13,13.888178656582381,minimax,AW,b4f4,Qf4,0.6000192000064999,11139,4,0,0,0,0,0
23,12,14,14.384442851181955,random,BW,a2a3,a3,5.699999746866524e-05,,,0,0,0,0,0
23,12,15,15.662970220608162,minimax,BB,h6g4,Ng4,0.9571426000038628,17855,4,0,0,0,0,0
23,12,16,16.40946576177056,random,AB,f7f5,f5,5.5500015150755644e-05,,,0,0,0,0,0
23,12,17,17.096576064357585,random,BW,h2h3,h3,4.4199987314641476e-05,,,0,0,0,0,0
23,12,18,17.463674997342597,minimax,BB,f6f2,Qxf2+,1.0043524000211619,32256,4,1,100,0,0,1
23,12,19,17.734416367423055,minimax,AW,g1h3,Nh3,1.0016665000002831,21760,3,0,0,0,0,0
23,12,20,18.321504020603744,random,BW,e1d1,Kd1,6.25999819021672e-05,,,0,0,0,0,0
23,12,21,19.44023682308516,random,AB,d8h4,Qh4,7.860001642256975e-05,,,0,0,0,0,0
23,12,22,20.127452428825457,minimax,AW,f4h4,Qxh4,0.7728407999966294,10876,4,5,900,0,0,0
23,12,23,20.586043238920826,random,AB,a7a5,a5,0.00018740000086836517,,,0,0,0,0,0
23,12,24,21.02664143572905,minimax,AW,h4f4,Qf4,1.0063520999974571,23808,3,0,0,0,0,0
23,12,25,21.248857877260015,minimax,BB,g4e3,Ne3+,0.10183810000307858,5472,3,0,0,0,0,1
23,12,26,22.125785172564562,random,AB,e6e5,e5,0.00013840000610798597,,,0,0,0,0,0
23,12,27,23.547448763699208,minimax,AW,f4e5,Qxe5+,0.6025419000070542,10306,4,1,100,0,0,1
23,12,28,23.73857403190805,random,BW,d2e3,Qxe3,5.560001591220498e-05,,,2,300,0,0,0
23,12,29,24.325554706587347,minimax,BB,Q@e1,Q@e1#,0.0024939999857451767,103,1,0,0,5,0,1
